video,frame_idx,t,clase_real,condicion,persona,pred_cruda,confianza,hand_present,lat_preproc,lat_cnn,lat_total
clase_0_20260921_193505.mp4,0,0.0,0,normal,p01,0,0.9997,1,5.39,9.27,14.66
clase_0_20260921_193505.mp4,1,0.0333,0,normal,p01,0,0.9972,1,1.19,0.93,2.12
clase_0_20260921_193505.mp4,2,0.0667,0,normal,p01,0,0.9914,1,1.19,1.13,2.32
clase_0_20260921_193505.mp4,3,0.1,0,normal,p01,0,0.9986,1,1.28,1.08,2.36
clase_0_20260921_193505.mp4,4,0.1333,0,normal,p01,0,0.9989,1,1.48,1.08,2.56
clase_0_20260921_193505.mp4,5,0.1667,0,normal,p01,0,0.9992,1,1.08,1.03,2.11
clase_0_20260921_193505.mp4,6,0.2,0,normal,p01,0,0.9989,1,1.0,0.98,1.97
clase_0_20260921_193505.mp4,7,0.2333,0,normal,p01,0,0.9972,1,0.84,0.76,1.6
clase_0_20260921_193505.mp4,8,0.2667,0,normal,p01,0,0.9978,1,0.95,1.0,1.95
clase_0_20260921_193505.mp4,9,0.3,0,normal,p01,0,0.9988,1,1.22,1.46,2.68
clase_0_20260921_193505.mp4,10,0.3333,0,normal,p01,0,0.997,1,1.28,1.18,2.46
clase_0_20260921_193505.mp4,11,0.3667,0,normal,p01,0,0.9984,1,1.14,1.1,2.24
clase_0_20260921_193505.mp4,12,0.4,0,normal,p01,0,0.9953,1,1.01,0.87,1.87
clase_0_20260921_193505.mp4,13,0.4333,0,normal,p01,0,0.9987,1,0.78,0.71,1.49
clase_0_20260921_193505.mp4,14,0.4667,0,normal,p01,0,0.9986,1,0.77,0.65,1.42
clase_0_20260921_193505.mp4,15,0.5,0,normal,p01,0,0.9987,1,0.75,0.69,1.44
clase_0_20260921_193505.mp4,16,0.5333,0,normal,p01,0,0.9981,1,1.19,1.34,2.53
clase_0_20260921_193505.mp4,17,0.5667,0,normal,p01,0,0.9986,1,1.19,1.19,2.38
clase_0_20260921_193505.mp4,18,0.6,0,normal,p01,0,0.9995,1,1.14,1.02,2.15
clase_0_20260921_193505.mp4,19,0.6333,0,normal,p01,0,0.999,1,0.91,0.92,1.83
clase_0_20260921_193505.mp4,20,0.6667,0,normal,p01,0,0.9968,1,0.85,0.66,1.52
clase_0_20260921_193505.mp4,21,0.7,0,normal,p01,0,0.9915,1,0.79,0.67,1.46
clase_0_20260921_193505.mp4,22,0.7333,0,normal,p01,0,0.9849,1,0.78,0.62,1.4
clase_0_20260921_193505.mp4,23,0.7667,0,normal,p01,0,0.9251,1,0.76,1.24,2.0
clase_0_20260921_193505.mp4,24,0.8,0,normal,p01,0,0.8817,1,1.48,1.41,2.89
clase_0_20260921_193505.mp4,25,0.8333,0,normal,p01,0,0.8336,1,1.18,1.12,2.29
clase_0_20260921_193505.mp4,26,0.8667,0,normal,p01,0,0.8074,1,1.14,1.25,2.39
clase_0_20260921_193505.mp4,27,0.9,0,normal,p01,0,0.9021,1,0.87,0.67,1.53
clase_0_20260921_193505.mp4,28,0.9333,0,normal,p01,0,0.834,1,0.79,0.73,1.52
clase_0_20260921_193505.mp4,29,0.9667,0,normal,p01,0,0.8039,1,0.8,0.68,1.48
clase_0_20260921_193505.mp4,30,1.0,0,normal,p01,0,0.8379,1,0.82,0.6,1.42
clase_0_20260921_193505.mp4,31,1.0333,0,normal,p01,0,0.8587,1,0.97,1.24,2.22
clase_0_20260921_193505.mp4,32,1.0667,0,normal,p01,0,0.8029,1,1.37,1.3,2.67
clase_0_20260921_193505.mp4,33,1.1,0,normal,p01,0,0.8398,1,1.25,1.31,2.56
clase_0_20260921_193505.mp4,34,1.1333,0,normal,p01,0,0.9075,1,1.17,1.03,2.2
clase_0_20260921_193505.mp4,35,1.1667,0,normal,p01,0,0.8807,1,0.9,0.84,1.74
clase_0_20260921_193505.mp4,36,1.2,0,normal,p01,0,0.9239,1,0.82,0.65,1.47
clase_0_20260921_193505.mp4,37,1.2333,0,normal,p01,0,0.9254,1,0.87,1.06,1.93
clase_0_20260921_193505.mp4,38,1.2667,0,normal,p01,0,0.9076,1,1.96,1.23,3.19
clase_0_20260921_193505.mp4,39,1.3,0,normal,p01,0,0.9123,1,1.4,1.29,2.69
clase_0_20260921_193505.mp4,40,1.3333,0,normal,p01,0,0.9125,1,1.25,1.17,2.42
clase_0_20260921_193505.mp4,41,1.3667,0,normal,p01,0,0.9341,1,1.03,0.89,1.92
clase_0_20260921_193505.mp4,42,1.4,0,normal,p01,0,0.9449,1,0.85,0.71,1.56
clase_0_20260921_193505.mp4,43,1.4333,0,normal,p01,0,0.9427,1,0.76,0.64,1.39
clase_0_20260921_193505.mp4,44,1.4667,0,normal,p01,0,0.9164,1,1.23,1.74,2.97
clase_0_20260921_193505.mp4,45,1.5,0,normal,p01,0,0.9835,1,1.19,1.49,2.69
clase_0_20260921_193505.mp4,46,1.5333,0,normal,p01,0,0.9878,1,1.26,1.16,2.42
clase_0_20260921_193505.mp4,47,1.5667,0,normal,p01,0,0.9803,1,1.02,0.98,2.0
clase_0_20260921_193505.mp4,48,1.6,0,normal,p01,0,0.9949,1,0.8,0.74,1.53
clase_0_20260921_193505.mp4,49,1.6333,0,normal,p01,0,0.9931,1,0.87,0.63,1.5
clase_0_20260921_193505.mp4,50,1.6667,0,normal,p01,0,0.9985,1,0.68,0.7,1.39
clase_0_20260921_193505.mp4,51,1.7,0,normal,p01,0,0.9986,1,1.07,2.0,3.07
clase_0_20260921_193505.mp4,52,1.7333,0,normal,p01,0,0.9998,1,1.47,1.4,2.88
clase_0_20260921_193505.mp4,53,1.7667,0,normal,p01,0,0.9996,1,1.13,1.17,2.3
clase_0_20260921_193505.mp4,54,1.8,0,normal,p01,0,0.9995,1,1.03,0.86,1.89
clase_0_20260921_193505.mp4,55,1.8333,0,normal,p01,0,0.9996,1,0.9,0.79,1.69
clase_0_20260921_193505.mp4,56,1.8667,0,normal,p01,0,0.9999,1,0.97,0.68,1.64
clase_0_20260921_193505.mp4,57,1.9,0,normal,p01,0,0.9996,1,0.8,0.9,1.7
clase_0_20260921_193505.mp4,58,1.9333,0,normal,p01,0,0.9996,1,1.48,2.19,3.67
clase_0_20260921_193505.mp4,59,1.9667,0,normal,p01,0,0.9999,1,1.27,1.17,2.45
clase_0_20260921_193505.mp4,60,2.0,0,normal,p01,0,0.9996,1,1.15,0.86,2.02
clase_0_20260921_193505.mp4,61,2.0333,0,normal,p01,0,0.9993,1,0.89,1.28,2.16
clase_0_20260921_193505.mp4,62,2.0667,0,normal,p01,0,0.9995,1,0.77,0.66,1.44
clase_0_20260921_193505.mp4,63,2.1,0,normal,p01,0,0.9997,1,0.8,0.7,1.49
clase_0_20260921_193505.mp4,64,2.1333,0,normal,p01,0,0.9999,1,1.16,1.34,2.5
clase_0_20260921_193505.mp4,65,2.1667,0,normal,p01,0,0.9993,1,1.22,1.3,2.52
clase_0_20260921_193505.mp4,66,2.2,0,normal,p01,0,0.9999,1,1.16,1.46,2.61
clase_0_20260921_193505.mp4,67,2.2333,0,normal,p01,0,0.9999,1,0.85,0.67,1.52
clase_0_20260921_193505.mp4,68,2.2667,0,normal,p01,0,0.9999,1,0.75,0.68,1.42
clase_0_20260921_193505.mp4,69,2.3,0,normal,p01,0,1.0,1,0.75,0.64,1.39
clase_0_20260921_193505.mp4,70,2.3333,0,normal,p01,0,0.9997,1,0.78,0.67,1.45
clase_0_20260921_193505.mp4,71,2.3667,0,normal,p01,0,0.9996,1,0.8,0.67,1.46
clase_0_20260921_193505.mp4,72,2.4,0,normal,p01,0,0.9971,1,1.18,1.46,2.64
clase_0_20260921_193505.mp4,73,2.4333,0,normal,p01,0,0.9998,1,1.18,1.24,2.41
clase_0_20260921_193505.mp4,74,2.4667,0,normal,p01,0,1.0,1,1.1,0.98,2.08
clase_0_20260921_193505.mp4,75,2.5,0,normal,p01,0,0.9999,1,0.9,0.71,1.61
clase_0_20260921_193505.mp4,76,2.5333,0,normal,p01,0,0.9998,1,0.77,0.68,1.45
clase_0_20260921_193505.mp4,77,2.5667,0,normal,p01,0,0.9999,1,0.73,0.7,1.43
clase_0_20260921_193505.mp4,78,2.6,0,normal,p01,0,0.9999,1,0.81,0.97,1.78
clase_0_20260921_193505.mp4,79,2.6333,0,normal,p01,0,0.9999,1,0.94,1.21,2.14
clase_0_20260921_193505.mp4,80,2.6667,0,normal,p01,0,1.0,1,1.7,1.36,3.06
clase_0_20260921_193505.mp4,81,2.7,0,normal,p01,0,0.9998,1,1.06,1.0,2.05
clase_0_20260921_193505.mp4,82,2.7333,0,normal,p01,0,0.9999,1,0.93,0.79,1.72
clase_0_20260921_193505.mp4,83,2.7667,0,normal,p01,0,1.0,1,0.73,0.68,1.41
clase_0_20260921_193505.mp4,84,2.8,0,normal,p01,0,1.0,1,0.85,0.72,1.57
clase_0_20260921_193505.mp4,85,2.8333,0,normal,p01,0,1.0,1,0.73,0.64,1.37
clase_0_20260921_193505.mp4,86,2.8667,0,normal,p01,0,1.0,1,0.66,0.64,1.3
clase_0_20260921_193505.mp4,87,2.9,0,normal,p01,0,1.0,1,0.89,1.25,2.15
clase_0_20260921_193505.mp4,88,2.9333,0,normal,p01,0,1.0,1,1.75,1.41,3.16
clase_0_20260921_193505.mp4,89,2.9667,0,normal,p01,0,1.0,1,0.93,0.94,1.87
clase_0_20260921_193505.mp4,90,3.0,0,normal,p01,0,1.0,1,0.81,0.91,1.72
clase_0_20260921_193505.mp4,91,3.0333,0,normal,p01,0,1.0,1,0.73,0.71,1.44
clase_0_20260921_193505.mp4,92,3.0667,0,normal,p01,0,1.0,1,0.76,0.76,1.52
clase_0_20260921_193505.mp4,93,3.1,0,normal,p01,0,1.0,1,0.77,0.79,1.56
clase_0_20260921_193505.mp4,94,3.1333,0,normal,p01,0,1.0,1,0.9,0.99,1.89
clase_0_20260921_193505.mp4,95,3.1667,0,normal,p01,0,1.0,1,1.15,1.49,2.64
clase_0_20260921_193505.mp4,96,3.2,0,normal,p01,0,1.0,1,0.97,1.17,2.14
clase_0_20260921_193505.mp4,97,3.2333,0,normal,p01,0,1.0,1,0.88,0.79,1.66
clase_0_20260921_193505.mp4,98,3.2667,0,normal,p01,0,1.0,1,0.78,0.65,1.42
clase_0_20260921_193505.mp4,99,3.3,0,normal,p01,0,1.0,1,0.71,0.68,1.39
clase_0_20260921_193505.mp4,100,3.3333,0,normal,p01,0,1.0,1,0.7,0.63,1.33
clase_0_20260921_193505.mp4,101,3.3667,0,normal,p01,0,1.0,1,0.72,0.66,1.38
clase_0_20260921_193505.mp4,102,3.4,0,normal,p01,0,1.0,1,0.71,0.66,1.37
clase_0_20260921_193505.mp4,103,3.4333,0,normal,p01,0,1.0,1,1.1,1.3,2.4
clase_0_20260921_193505.mp4,104,3.4667,0,normal,p01,0,1.0,1,1.07,1.29,2.36
clase_0_20260921_193505.mp4,105,3.5,0,normal,p01,0,1.0,1,0.93,0.88,1.8
clase_0_20260921_193505.mp4,106,3.5333,0,normal,p01,0,1.0,1,0.91,0.77,1.68
clase_0_20260921_193505.mp4,107,3.5667,0,normal,p01,0,1.0,1,0.78,0.87,1.65
clase_0_20260921_193505.mp4,108,3.6,0,normal,p01,0,1.0,1,0.74,1.03,1.78
clase_0_20260921_193505.mp4,109,3.6333,0,normal,p01,0,1.0,1,0.75,0.75,1.5
clase_0_20260921_193505.mp4,110,3.6667,0,normal,p01,0,1.0,1,0.8,1.0,1.8
clase_0_20260921_193505.mp4,111,3.7,0,normal,p01,0,1.0,1,1.35,1.45,2.79
clase_0_20260921_193505.mp4,112,3.7333,0,normal,p01,0,1.0,1,1.09,1.08,2.17
clase_0_20260921_193505.mp4,113,3.7667,0,normal,p01,0,1.0,1,0.93,0.81,1.73
clase_0_20260921_193505.mp4,114,3.8,0,normal,p01,0,1.0,1,0.72,0.71,1.43
clase_0_20260921_193505.mp4,115,3.8333,0,normal,p01,0,1.0,1,0.72,0.68,1.41
clase_0_20260921_193505.mp4,116,3.8667,0,normal,p01,0,1.0,1,0.71,0.7,1.41
clase_0_20260921_193505.mp4,117,3.9,0,normal,p01,0,1.0,1,0.73,0.64,1.38
clase_0_20260921_193505.mp4,118,3.9333,0,normal,p01,0,1.0,1,0.9,1.23,2.13
clase_0_20260921_193505.mp4,119,3.9667,0,normal,p01,0,1.0,1,1.23,1.47,2.7
clase_0_20260921_193505.mp4,120,4.0,0,normal,p01,0,1.0,1,1.27,1.19,2.46
clase_0_20260921_193505.mp4,121,4.0333,0,normal,p01,0,1.0,1,1.01,0.96,1.97
clase_0_20260921_193505.mp4,122,4.0667,0,normal,p01,0,1.0,1,0.94,0.92,1.85
clase_0_20260921_193505.mp4,123,4.1,0,normal,p01,0,1.0,1,0.95,0.9,1.85
clase_0_20260921_193505.mp4,124,4.1333,0,normal,p01,0,1.0,1,1.18,0.87,2.04
clase_0_20260921_193505.mp4,125,4.1667,0,normal,p01,0,1.0,1,1.23,1.46,2.69
clase_0_20260921_193505.mp4,126,4.2,0,normal,p01,0,1.0,1,1.07,1.18,2.25
clase_0_20260921_193505.mp4,127,4.2333,0,normal,p01,0,1.0,1,1.08,0.92,2.0
clase_0_20260921_193505.mp4,128,4.2667,0,normal,p01,0,1.0,1,0.84,0.69,1.54
clase_0_20260921_193505.mp4,129,4.3,0,normal,p01,0,1.0,1,0.8,0.66,1.46
clase_0_20260921_193505.mp4,130,4.3333,0,normal,p01,0,1.0,1,0.73,0.69,1.42
clase_0_20260921_193505.mp4,131,4.3667,0,normal,p01,0,1.0,1,0.77,0.66,1.43
clase_0_20260921_193505.mp4,132,4.4,0,normal,p01,0,1.0,1,0.76,0.89,1.65
clase_0_20260921_193505.mp4,133,4.4333,0,normal,p01,0,1.0,1,1.14,1.61,2.75
clase_0_20260921_193505.mp4,134,4.4667,0,normal,p01,0,1.0,1,1.01,1.07,2.08
clase_0_20260921_193505.mp4,135,4.5,0,normal,p01,0,0.9999,1,0.94,0.8,1.74
clase_0_20260921_193505.mp4,136,4.5333,0,normal,p01,0,0.9999,1,0.86,0.69,1.55
clase_0_20260921_193505.mp4,137,4.5667,0,normal,p01,0,0.9999,1,0.71,0.68,1.39
clase_0_20260921_193505.mp4,138,4.6,0,normal,p01,0,0.9999,1,0.84,0.66,1.51
clase_0_20260921_193505.mp4,139,4.6333,0,normal,p01,0,1.0,1,0.77,0.65,1.41
clase_0_20260921_193505.mp4,140,4.6667,0,normal,p01,0,1.0,1,0.73,1.01,1.74
clase_0_20260921_193505.mp4,141,4.7,0,normal,p01,0,1.0,1,1.19,1.59,2.78
clase_0_20260921_193505.mp4,142,4.7333,0,normal,p01,0,1.0,1,1.12,1.22,2.34
clase_0_20260921_193505.mp4,143,4.7667,0,normal,p01,0,1.0,1,0.87,0.75,1.63
clase_0_20260921_193505.mp4,144,4.8,0,normal,p01,0,1.0,1,0.8,0.68,1.48
clase_0_20260921_193505.mp4,145,4.8333,0,normal,p01,0,1.0,1,0.78,0.64,1.42
clase_0_20260921_193505.mp4,146,4.8667,0,normal,p01,0,1.0,1,0.79,0.66,1.45
clase_0_20260921_193505.mp4,147,4.9,0,normal,p01,0,1.0,1,0.76,0.67,1.43
clase_0_20260921_193505.mp4,148,4.9333,0,normal,p01,0,1.0,1,0.89,1.63,2.52
clase_0_20260921_193505.mp4,149,4.9667,0,normal,p01,0,1.0,1,1.23,1.28,2.5
clase_0_20260921_193505.mp4,150,5.0,0,normal,p01,0,1.0,1,1.2,0.97,2.18
clase_0_20260921_193505.mp4,151,5.0333,0,normal,p01,0,1.0,1,0.86,0.72,1.59
clase_0_20260921_193505.mp4,152,5.0667,0,normal,p01,0,1.0,1,0.76,0.69,1.45
clase_0_20260921_193505.mp4,153,5.1,0,normal,p01,0,1.0,1,0.76,0.64,1.4
clase_0_20260921_193505.mp4,154,5.1333,0,normal,p01,0,1.0,1,0.65,0.63,1.29
clase_0_20260921_193505.mp4,155,5.1667,0,normal,p01,0,1.0,1,0.73,0.67,1.4
clase_0_20260921_193505.mp4,156,5.2,0,normal,p01,0,1.0,1,1.32,1.51,2.83
clase_0_20260921_193505.mp4,157,5.2333,0,normal,p01,0,1.0,1,1.21,1.25,2.46
clase_0_20260921_193505.mp4,158,5.2667,0,normal,p01,0,1.0,1,1.03,0.98,2.02
clase_0_20260921_193505.mp4,159,5.3,0,normal,p01,0,1.0,1,0.95,0.79,1.73
clase_0_20260921_193505.mp4,160,5.3333,0,normal,p01,0,1.0,1,0.78,0.7,1.49
clase_0_20260921_193505.mp4,161,5.3667,0,normal,p01,0,1.0,1,0.72,0.65,1.37
clase_0_20260921_193505.mp4,162,5.4,0,normal,p01,0,1.0,1,0.77,0.71,1.48
clase_0_20260921_193505.mp4,163,5.4333,0,normal,p01,0,1.0,1,0.78,1.21,2.0
clase_0_20260921_193505.mp4,164,5.4667,0,normal,p01,0,1.0,1,1.23,1.65,2.88
clase_0_20260921_193505.mp4,165,5.5,0,normal,p01,0,1.0,1,1.15,1.27,2.42
clase_0_20260921_193505.mp4,166,5.5333,0,normal,p01,0,1.0,1,0.91,0.74,1.65
clase_0_20260921_193505.mp4,167,5.5667,0,normal,p01,0,1.0,1,0.83,0.66,1.48
clase_0_20260921_193505.mp4,168,5.6,0,normal,p01,0,1.0,1,0.66,0.66,1.32
clase_0_20260921_193505.mp4,169,5.6333,0,normal,p01,0,1.0,1,0.89,0.7,1.59
clase_0_20260921_193505.mp4,170,5.6667,0,normal,p01,0,1.0,1,0.73,0.66,1.39
clase_0_20260921_193505.mp4,171,5.7,0,normal,p01,0,1.0,1,1.05,1.4,2.45
clase_0_20260921_193505.mp4,172,5.7333,0,normal,p01,0,1.0,1,1.11,1.23,2.34
clase_0_20260921_193505.mp4,173,5.7667,0,normal,p01,0,1.0,1,0.97,1.01,1.99
clase_0_20260921_193505.mp4,174,5.8,0,normal,p01,0,1.0,1,0.77,0.74,1.52
clase_0_20260921_193505.mp4,175,5.8333,0,normal,p01,0,1.0,1,0.65,0.67,1.32
clase_0_20260921_193505.mp4,176,5.8667,0,normal,p01,0,0.9999,1,0.72,0.62,1.34
clase_0_20260921_193505.mp4,177,5.9,0,normal,p01,0,1.0,1,0.8,1.28,2.08
clase_0_20260921_193505.mp4,178,5.9333,0,normal,p01,0,1.0,1,0.95,1.05,2.0
clase_0_20260921_193505.mp4,179,5.9667,0,normal,p01,0,1.0,1,1.23,1.59,2.82
clase_0_20260921_193505.mp4,180,6.0,0,normal,p01,0,1.0,1,1.14,1.22,2.36
clase_0_20260921_193505.mp4,181,6.0333,0,normal,p01,0,1.0,1,0.95,0.83,1.78
clase_0_20260921_193505.mp4,182,6.0667,0,normal,p01,0,0.9992,1,0.83,0.75,1.58
clase_0_20260921_193505.mp4,183,6.1,0,normal,p01,0,1.0,1,0.82,0.79,1.61
clase_0_20260921_193505.mp4,184,6.1333,0,normal,p01,0,1.0,1,0.88,0.71,1.59
clase_0_20260921_193505.mp4,185,6.1667,0,normal,p01,0,1.0,1,0.78,0.69,1.48
clase_0_20260921_193505.mp4,186,6.2,0,normal,p01,0,1.0,1,1.02,1.3,2.32
clase_0_20260921_193505.mp4,187,6.2333,0,normal,p01,0,1.0,1,1.21,1.2,2.41
clase_0_20260921_193505.mp4,188,6.2667,0,normal,p01,0,0.9998,1,0.95,1.1,2.05
clase_0_20260921_193505.mp4,189,6.3,0,normal,p01,0,1.0,1,0.75,0.71,1.46
clase_0_20260921_193505.mp4,190,6.3333,0,normal,p01,0,0.9998,1,0.78,0.71,1.49
clase_0_20260921_193505.mp4,191,6.3667,0,normal,p01,0,0.9992,1,0.71,0.66,1.37
clase_0_20260921_193505.mp4,192,6.4,0,normal,p01,0,1.0,1,0.72,0.66,1.38
clase_0_20260921_193505.mp4,193,6.4333,0,normal,p01,0,0.9992,1,0.67,0.68,1.35
clase_0_20260921_193505.mp4,194,6.4667,0,normal,p01,0,0.9997,1,1.22,1.35,2.57
clase_0_20260921_193505.mp4,195,6.5,0,normal,p01,0,0.959,1,1.05,1.3,2.34
clase_0_20260921_193505.mp4,196,6.5333,0,normal,p01,0,0.9994,1,0.95,0.95,1.91
clase_0_20260921_193505.mp4,197,6.5667,0,normal,p01,0,0.9981,1,0.85,0.75,1.6
clase_0_20260921_193505.mp4,198,6.6,0,normal,p01,0,0.9965,1,0.69,0.68,1.37
clase_0_20260921_193505.mp4,199,6.6333,0,normal,p01,0,0.9986,1,0.78,0.66,1.44
clase_0_20260921_193505.mp4,200,6.6667,0,normal,p01,0,0.9987,1,0.7,0.63,1.33
clase_0_20260921_193505.mp4,201,6.7,0,normal,p01,0,0.9987,1,0.71,0.63,1.34
clase_0_20260921_193505.mp4,202,6.7333,0,normal,p01,0,0.9928,1,0.96,1.2,2.16
clase_0_20260921_193505.mp4,203,6.7667,0,normal,p01,0,0.9536,1,1.15,1.26,2.41
clase_0_20260921_193505.mp4,204,6.8,0,normal,p01,0,0.9955,1,1.0,1.25,2.24
clase_0_20260921_193505.mp4,205,6.8333,0,normal,p01,0,0.9663,1,0.77,0.71,1.48
clase_0_20260921_193505.mp4,206,6.8667,0,normal,p01,0,1.0,1,0.75,0.64,1.39
clase_0_20260921_193505.mp4,207,6.9,0,normal,p01,0,0.899,1,0.72,0.66,1.37
clase_0_20260921_193505.mp4,208,6.9333,0,normal,p01,0,0.8954,1,0.7,0.66,1.36
clase_0_20260921_193505.mp4,209,6.9667,0,normal,p01,0,0.9997,1,0.68,0.66,1.34
clase_0_20260921_193505.mp4,210,7.0,0,normal,p01,0,1.0,1,1.12,1.2,2.32
clase_0_20260921_193505.mp4,211,7.0333,0,normal,p01,0,0.9808,1,1.11,1.04,2.15
clase_0_20260921_193505.mp4,212,7.0667,0,normal,p01,0,0.9407,1,1.17,0.98,2.15
clase_0_20260921_193505.mp4,213,7.1,0,normal,p01,0,0.7883,1,0.93,0.77,1.7
clase_0_20260921_193505.mp4,214,7.1333,0,normal,p01,2,0.8242,1,0.76,0.65,1.41
clase_0_20260921_193505.mp4,215,7.1667,0,normal,p01,0,1.0,1,0.67,0.63,1.3
clase_0_20260921_193505.mp4,216,7.2,0,normal,p01,0,1.0,1,0.68,0.64,1.31
clase_0_20260921_193505.mp4,217,7.2333,0,normal,p01,0,0.9999,1,0.69,0.7,1.39
clase_0_20260921_193505.mp4,218,7.2667,0,normal,p01,0,0.9997,1,0.8,1.19,1.99
clase_0_20260921_193505.mp4,219,7.3,0,normal,p01,0,0.9999,1,1.25,1.13,2.38
clase_0_20260921_193505.mp4,220,7.3333,0,normal,p01,0,1.0,1,0.96,1.16,2.12
clase_0_20260921_193505.mp4,221,7.3667,0,normal,p01,0,1.0,1,0.99,0.92,1.91
clase_0_20260921_193505.mp4,222,7.4,0,normal,p01,0,0.7879,1,0.88,0.73,1.62
clase_0_20260921_193505.mp4,223,7.4333,0,normal,p01,0,1.0,1,0.76,0.7,1.45
clase_0_20260921_193505.mp4,224,7.4667,0,normal,p01,0,1.0,1,0.67,0.65,1.32
clase_0_20260921_193505.mp4,225,7.5,0,normal,p01,0,1.0,1,0.67,0.67,1.34
clase_0_20260921_193505.mp4,226,7.5333,0,normal,p01,0,1.0,1,0.93,1.47,2.4
clase_0_20260921_193505.mp4,227,7.5667,0,normal,p01,0,1.0,1,1.67,1.48,3.15
clase_0_20260921_193505.mp4,228,7.6,0,normal,p01,0,1.0,1,1.02,0.92,1.94
clase_0_20260921_193505.mp4,229,7.6333,0,normal,p01,0,1.0,1,0.81,0.73,1.55
clase_0_20260921_193505.mp4,230,7.6667,0,normal,p01,0,1.0,1,0.72,0.68,1.4
clase_0_20260921_193505.mp4,231,7.7,0,normal,p01,0,1.0,1,0.71,0.65,1.37
clase_0_20260921_193505.mp4,232,7.7333,0,normal,p01,0,1.0,1,0.69,0.65,1.33
clase_0_20260921_193505.mp4,233,7.7667,0,normal,p01,0,1.0,1,0.7,0.72,1.41
clase_0_20260921_193505.mp4,234,7.8,0,normal,p01,0,1.0,1,1.07,1.34,2.41
clase_0_20260921_193505.mp4,235,7.8333,0,normal,p01,0,1.0,1,1.26,1.33,2.6
clase_0_20260921_193505.mp4,236,7.8667,0,normal,p01,0,1.0,1,0.91,0.94,1.85
clase_0_20260921_193505.mp4,237,7.9,0,normal,p01,0,1.0,1,0.86,0.67,1.53
clase_0_20260921_193505.mp4,238,7.9333,0,normal,p01,0,1.0,1,0.68,0.64,1.33
clase_0_20260921_193505.mp4,239,7.9667,0,normal,p01,0,1.0,1,0.68,0.64,1.32
clase_0_20260921_193505.mp4,240,8.0,0,normal,p01,0,1.0,1,0.68,0.65,1.34
clase_0_20260921_193505.mp4,241,8.0333,0,normal,p01,0,1.0,1,0.7,0.61,1.31
clase_0_20260921_193505.mp4,242,8.0667,0,normal,p01,0,1.0,1,1.15,2.0,3.15
clase_0_20260921_193505.mp4,243,8.1,0,normal,p01,0,1.0,1,1.11,1.61,2.71
clase_0_20260921_193505.mp4,244,8.1333,0,normal,p01,0,1.0,1,0.9,0.81,1.7
clase_0_20260921_193505.mp4,245,8.1667,0,normal,p01,0,1.0,1,0.82,0.72,1.53
clase_0_20260921_193505.mp4,246,8.2,0,normal,p01,0,0.9998,1,0.72,0.7,1.42
clase_0_20260921_193505.mp4,247,8.2333,0,normal,p01,0,0.9998,1,0.7,0.64,1.35
clase_0_20260921_193505.mp4,248,8.2667,0,normal,p01,0,0.9968,1,0.72,0.67,1.39
clase_0_20260921_193505.mp4,249,8.3,0,normal,p01,0,0.8955,1,0.73,0.91,1.64
clase_0_20260921_193505.mp4,250,8.3333,0,normal,p01,0,0.7801,1,1.24,1.46,2.7
clase_0_20260921_193505.mp4,251,8.3667,0,normal,p01,0,0.8516,1,0.98,1.09,2.08
clase_0_20260921_193505.mp4,252,8.4,0,normal,p01,4,0.5868,1,0.92,0.79,1.71
clase_0_20260921_193505.mp4,253,8.4333,0,normal,p01,0,0.9843,1,0.83,0.65,1.48
clase_0_20260921_193505.mp4,254,8.4667,0,normal,p01,0,0.975,1,0.73,0.63,1.36
clase_0_20260921_193505.mp4,255,8.5,0,normal,p01,0,0.9637,1,0.77,0.66,1.42
clase_0_20260921_193505.mp4,256,8.5333,0,normal,p01,0,0.947,1,0.76,0.63,1.39
clase_0_20260921_193505.mp4,257,8.5667,0,normal,p01,0,0.9258,1,0.72,0.82,1.53
clase_0_20260921_193505.mp4,258,8.6,0,normal,p01,0,0.9862,1,1.09,2.08,3.17
clase_0_20260921_193505.mp4,259,8.6333,0,normal,p01,0,0.9978,1,1.01,1.14,2.15
clase_0_20260921_193505.mp4,260,8.6667,0,normal,p01,0,0.9998,1,0.87,0.74,1.61
clase_0_20260921_193505.mp4,261,8.7,0,normal,p01,0,0.9999,1,0.78,0.76,1.54
clase_0_20260921_193505.mp4,262,8.7333,0,normal,p01,0,0.9999,1,0.83,0.71,1.54
clase_0_20260921_193505.mp4,263,8.7667,0,normal,p01,0,1.0,1,0.76,0.87,1.63
clase_0_20260921_193505.mp4,264,8.8,0,normal,p01,0,1.0,1,0.83,0.82,1.65
clase_0_20260921_193505.mp4,265,8.8333,0,normal,p01,0,1.0,1,1.44,1.75,3.19
clase_0_20260921_193505.mp4,266,8.8667,0,normal,p01,0,1.0,1,1.28,1.51,2.79
clase_0_20260921_193505.mp4,267,8.9,0,normal,p01,0,1.0,1,1.06,0.96,2.02
clase_0_20260921_193505.mp4,268,8.9333,0,normal,p01,0,1.0,1,0.88,0.77,1.65
clase_0_20260921_193505.mp4,269,8.9667,0,normal,p01,0,1.0,1,0.84,0.72,1.56
clase_0_20260921_193505.mp4,270,9.0,0,normal,p01,0,1.0,1,0.91,0.73,1.64
clase_0_20260921_193505.mp4,271,9.0333,0,normal,p01,0,0.8655,1,0.82,0.73,1.55
clase_0_20260921_193505.mp4,272,9.0667,0,normal,p01,0,0.9068,1,1.28,1.62,2.9
clase_0_20260921_193505.mp4,273,9.1,0,normal,p01,0,0.8881,1,1.34,1.3,2.65
clase_0_20260921_193505.mp4,274,9.1333,0,normal,p01,0,0.9114,1,0.98,0.84,1.82
clase_0_20260921_193505.mp4,275,9.1667,0,normal,p01,0,0.9943,1,0.83,0.68,1.52
clase_0_20260921_193505.mp4,276,9.2,0,normal,p01,0,0.9977,1,0.74,0.74,1.48
clase_0_20260921_193505.mp4,277,9.2333,0,normal,p01,0,0.9896,1,0.87,0.68,1.55
clase_0_20260921_193505.mp4,278,9.2667,0,normal,p01,0,0.9965,1,0.78,0.72,1.5
clase_0_20260921_193505.mp4,279,9.3,0,normal,p01,0,0.9972,1,0.91,1.25,2.16
clase_0_20260921_193505.mp4,280,9.3333,0,normal,p01,0,0.9998,1,1.33,1.48,2.8
clase_0_20260921_193505.mp4,281,9.3667,0,normal,p01,0,0.9993,1,1.21,1.11,2.32
clase_0_20260921_193505.mp4,282,9.4,0,normal,p01,0,0.9994,1,0.79,0.72,1.51
clase_0_20260921_193505.mp4,283,9.4333,0,normal,p01,0,0.9998,1,0.73,0.76,1.49
clase_0_20260921_193505.mp4,284,9.4667,0,normal,p01,0,0.9996,1,0.87,0.87,1.74
clase_0_20260921_193505.mp4,285,9.5,0,normal,p01,0,0.9989,1,0.85,0.73,1.58
clase_0_20260921_193505.mp4,286,9.5333,0,normal,p01,0,0.9998,1,0.74,0.83,1.57
clase_0_20260921_193505.mp4,287,9.5667,0,normal,p01,0,1.0,1,1.27,1.53,2.8
clase_0_20260921_193505.mp4,288,9.6,0,normal,p01,0,1.0,1,1.01,1.16,2.16
clase_0_20260921_193505.mp4,289,9.6333,0,normal,p01,0,1.0,1,0.86,0.82,1.69
clase_0_20260921_193505.mp4,290,9.6667,0,normal,p01,0,0.9998,1,0.89,0.69,1.57
clase_0_20260921_193505.mp4,291,9.7,0,normal,p01,0,1.0,1,0.76,0.7,1.46
clase_0_20260921_193505.mp4,292,9.7333,0,normal,p01,0,1.0,1,0.69,0.68,1.37
clase_0_20260921_193505.mp4,293,9.7667,0,normal,p01,0,1.0,1,0.75,0.68,1.43
clase_0_20260921_193505.mp4,294,9.8,0,normal,p01,0,1.0,1,0.73,0.72,1.45
clase_0_20260921_193505.mp4,295,9.8333,0,normal,p01,0,1.0,1,0.91,1.4,2.31
clase_0_20260921_193505.mp4,296,9.8667,0,normal,p01,0,1.0,1,1.16,1.24,2.4
clase_0_20260921_193505.mp4,297,9.9,0,normal,p01,0,1.0,1,1.01,0.99,2.0
clase_0_20260921_193505.mp4,298,9.9333,0,normal,p01,0,1.0,1,0.8,0.78,1.57
clase_0_20260921_193505.mp4,299,9.9667,0,normal,p01,0,1.0,1,0.73,0.67,1.39
clase_1_20260921_193436.mp4,0,0.0,1,normal,p01,1,0.9998,1,1.08,1.2,2.28
clase_1_20260921_193436.mp4,1,0.0333,1,normal,p01,1,1.0,1,0.84,0.88,1.72
clase_1_20260921_193436.mp4,2,0.0667,1,normal,p01,1,0.9999,1,1.39,1.38,2.77
clase_1_20260921_193436.mp4,3,0.1,1,normal,p01,1,0.9999,1,1.11,1.22,2.33
clase_1_20260921_193436.mp4,4,0.1333,1,normal,p01,1,0.9999,1,1.07,1.16,2.23
clase_1_20260921_193436.mp4,5,0.1667,1,normal,p01,1,1.0,1,0.98,0.98,1.96
clase_1_20260921_193436.mp4,6,0.2,1,normal,p01,1,1.0,1,1.08,0.92,2.01
clase_1_20260921_193436.mp4,7,0.2333,1,normal,p01,1,1.0,1,0.82,0.74,1.57
clase_1_20260921_193436.mp4,8,0.2667,1,normal,p01,1,1.0,1,0.75,0.9,1.66
clase_1_20260921_193436.mp4,9,0.3,1,normal,p01,1,1.0,1,1.21,1.71,2.92
clase_1_20260921_193436.mp4,10,0.3333,1,normal,p01,1,1.0,1,1.23,1.11,2.33
clase_1_20260921_193436.mp4,11,0.3667,1,normal,p01,1,0.9999,1,1.15,1.17,2.32
clase_1_20260921_193436.mp4,12,0.4,1,normal,p01,1,1.0,1,1.1,0.92,2.02
clase_1_20260921_193436.mp4,13,0.4333,1,normal,p01,1,1.0,1,0.87,0.77,1.64
clase_1_20260921_193436.mp4,14,0.4667,1,normal,p01,1,1.0,1,0.83,0.68,1.51
clase_1_20260921_193436.mp4,15,0.5,1,normal,p01,1,1.0,1,0.8,1.36,2.16
clase_1_20260921_193436.mp4,16,0.5333,1,normal,p01,1,1.0,1,1.17,1.35,2.52
clase_1_20260921_193436.mp4,17,0.5667,1,normal,p01,1,1.0,1,1.06,1.2,2.26
clase_1_20260921_193436.mp4,18,0.6,1,normal,p01,1,1.0,1,1.05,0.98,2.04
clase_1_20260921_193436.mp4,19,0.6333,1,normal,p01,1,1.0,1,0.89,0.76,1.66
clase_1_20260921_193436.mp4,20,0.6667,1,normal,p01,1,0.9999,1,0.76,0.67,1.43
clase_1_20260921_193436.mp4,21,0.7,1,normal,p01,1,1.0,1,0.75,0.67,1.42
clase_1_20260921_193436.mp4,22,0.7333,1,normal,p01,1,1.0,1,0.79,0.71,1.5
clase_1_20260921_193436.mp4,23,0.7667,1,normal,p01,1,1.0,1,1.23,1.38,2.61
clase_1_20260921_193436.mp4,24,0.8,1,normal,p01,1,1.0,1,1.79,1.36,3.15
clase_1_20260921_193436.mp4,25,0.8333,1,normal,p01,1,1.0,1,1.24,0.87,2.12
clase_1_20260921_193436.mp4,26,0.8667,1,normal,p01,1,1.0,1,0.96,0.74,1.7
clase_1_20260921_193436.mp4,27,0.9,1,normal,p01,1,1.0,1,0.81,0.69,1.5
clase_1_20260921_193436.mp4,28,0.9333,1,normal,p01,1,1.0,1,0.83,0.67,1.51
clase_1_20260921_193436.mp4,29,0.9667,1,normal,p01,1,1.0,1,0.75,0.9,1.66
clase_1_20260921_193436.mp4,30,1.0,1,normal,p01,1,1.0,1,1.25,1.87,3.12
clase_1_20260921_193436.mp4,31,1.0333,1,normal,p01,1,1.0,1,1.23,1.15,2.38
clase_1_20260921_193436.mp4,32,1.0667,1,normal,p01,1,1.0,1,0.96,0.93,1.89
clase_1_20260921_193436.mp4,33,1.1,1,normal,p01,1,0.9999,1,0.81,0.71,1.52
clase_1_20260921_193436.mp4,34,1.1333,1,normal,p01,1,1.0,1,0.77,0.72,1.49
clase_1_20260921_193436.mp4,35,1.1667,1,normal,p01,1,0.9999,1,0.74,0.66,1.4
clase_1_20260921_193436.mp4,36,1.2,1,normal,p01,1,1.0,1,0.88,0.7,1.58
clase_1_20260921_193436.mp4,37,1.2333,1,normal,p01,1,1.0,1,1.06,2.25,3.31
clase_1_20260921_193436.mp4,38,1.2667,1,normal,p01,1,1.0,1,1.38,1.72,3.1
clase_1_20260921_193436.mp4,39,1.3,1,normal,p01,1,0.9999,1,1.1,1.03,2.13
clase_1_20260921_193436.mp4,40,1.3333,1,normal,p01,1,1.0,1,0.91,0.84,1.74
clase_1_20260921_193436.mp4,41,1.3667,1,normal,p01,1,1.0,1,0.85,0.79,1.64
clase_1_20260921_193436.mp4,42,1.4,1,normal,p01,1,1.0,1,0.87,0.75,1.62
clase_1_20260921_193436.mp4,43,1.4333,1,normal,p01,1,1.0,1,1.08,2.04,3.12
clase_1_20260921_193436.mp4,44,1.4667,1,normal,p01,1,1.0,1,1.41,1.71,3.12
clase_1_20260921_193436.mp4,45,1.5,1,normal,p01,1,1.0,1,1.38,1.16,2.54
clase_1_20260921_193436.mp4,46,1.5333,1,normal,p01,1,1.0,1,0.88,0.86,1.75
clase_1_20260921_193436.mp4,47,1.5667,1,normal,p01,1,0.9999,1,0.87,0.81,1.69
clase_1_20260921_193436.mp4,48,1.6,1,normal,p01,1,1.0,1,0.99,0.82,1.81
clase_1_20260921_193436.mp4,49,1.6333,1,normal,p01,1,1.0,1,1.05,1.68,2.73
clase_1_20260921_193436.mp4,50,1.6667,1,normal,p01,1,1.0,1,1.32,1.36,2.67
clase_1_20260921_193436.mp4,51,1.7,1,normal,p01,1,1.0,1,1.16,1.07,2.23
clase_1_20260921_193436.mp4,52,1.7333,1,normal,p01,1,1.0,1,0.87,0.77,1.63
clase_1_20260921_193436.mp4,53,1.7667,1,normal,p01,1,1.0,1,0.99,0.73,1.72
clase_1_20260921_193436.mp4,54,1.8,1,normal,p01,1,1.0,1,0.81,0.73,1.53
clase_1_20260921_193436.mp4,55,1.8333,1,normal,p01,1,1.0,1,0.79,0.68,1.47
clase_1_20260921_193436.mp4,56,1.8667,1,normal,p01,1,1.0,1,0.82,1.4,2.22
clase_1_20260921_193436.mp4,57,1.9,1,normal,p01,1,1.0,1,1.38,1.39,2.77
clase_1_20260921_193436.mp4,58,1.9333,1,normal,p01,1,1.0,1,1.23,1.12,2.35
clase_1_20260921_193436.mp4,59,1.9667,1,normal,p01,1,1.0,1,0.91,0.84,1.75
clase_1_20260921_193436.mp4,60,2.0,1,normal,p01,1,1.0,1,0.86,0.77,1.63
clase_1_20260921_193436.mp4,61,2.0333,1,normal,p01,1,1.0,1,0.77,0.82,1.59
clase_1_20260921_193436.mp4,62,2.0667,1,normal,p01,1,1.0,1,0.81,0.77,1.59
clase_1_20260921_193436.mp4,63,2.1,1,normal,p01,1,1.0,1,0.96,2.17,3.13
clase_1_20260921_193436.mp4,64,2.1333,1,normal,p01,1,1.0,1,1.43,1.87,3.31
clase_1_20260921_193436.mp4,65,2.1667,1,normal,p01,1,1.0,1,1.05,0.93,1.97
clase_1_20260921_193436.mp4,66,2.2,1,normal,p01,1,1.0,1,0.97,0.79,1.76
clase_1_20260921_193436.mp4,67,2.2333,1,normal,p01,1,0.9999,1,0.87,0.71,1.59
clase_1_20260921_193436.mp4,68,2.2667,1,normal,p01,1,1.0,1,0.89,0.73,1.62
clase_1_20260921_193436.mp4,69,2.3,1,normal,p01,1,1.0,1,0.79,0.9,1.7
clase_1_20260921_193436.mp4,70,2.3333,1,normal,p01,1,1.0,1,1.27,1.79,3.06
clase_1_20260921_193436.mp4,71,2.3667,1,normal,p01,1,0.9994,1,1.21,1.24,2.45
clase_1_20260921_193436.mp4,72,2.4,1,normal,p01,1,0.9999,1,1.02,0.92,1.94
clase_1_20260921_193436.mp4,73,2.4333,1,normal,p01,1,1.0,1,0.94,0.77,1.7
clase_1_20260921_193436.mp4,74,2.4667,1,normal,p01,1,0.9996,1,0.91,0.77,1.68
clase_1_20260921_193436.mp4,75,2.5,1,normal,p01,1,0.9911,1,0.82,0.77,1.59
clase_1_20260921_193436.mp4,76,2.5333,1,normal,p01,1,0.9999,1,0.81,0.99,1.8
clase_1_20260921_193436.mp4,77,2.5667,1,normal,p01,1,0.9999,1,1.16,1.63,2.8
clase_1_20260921_193436.mp4,78,2.6,1,normal,p01,1,0.9996,1,1.48,1.5,2.98
clase_1_20260921_193436.mp4,79,2.6333,1,normal,p01,1,0.9994,1,1.02,0.82,1.83
clase_1_20260921_193436.mp4,80,2.6667,1,normal,p01,1,0.9998,1,0.85,0.96,1.81
clase_1_20260921_193436.mp4,81,2.7,1,normal,p01,1,0.9999,1,0.99,1.08,2.06
clase_1_20260921_193436.mp4,82,2.7333,1,normal,p01,1,1.0,1,0.99,1.15,2.14
clase_1_20260921_193436.mp4,83,2.7667,1,normal,p01,1,0.9915,1,2.03,1.99,4.02
clase_1_20260921_193436.mp4,84,2.8,1,normal,p01,1,1.0,1,1.42,2.24,3.65
clase_1_20260921_193436.mp4,85,2.8333,1,normal,p01,1,1.0,1,1.14,1.07,2.21
clase_1_20260921_193436.mp4,86,2.8667,1,normal,p01,1,1.0,1,1.13,0.76,1.89
clase_1_20260921_193436.mp4,87,2.9,1,normal,p01,1,1.0,1,0.77,0.69,1.47
clase_1_20260921_193436.mp4,88,2.9333,1,normal,p01,1,1.0,1,1.0,1.41,2.41
clase_1_20260921_193436.mp4,89,2.9667,1,normal,p01,1,0.9974,1,1.26,1.45,2.71
clase_1_20260921_193436.mp4,90,3.0,1,normal,p01,1,0.9999,1,1.1,1.29,2.4
clase_1_20260921_193436.mp4,91,3.0333,1,normal,p01,1,0.9996,1,1.05,0.78,1.82
clase_1_20260921_193436.mp4,92,3.0667,1,normal,p01,1,0.999,1,0.78,0.73,1.51
clase_1_20260921_193436.mp4,93,3.1,1,normal,p01,1,0.952,1,0.84,0.71,1.54
clase_1_20260921_193436.mp4,94,3.1333,1,normal,p01,1,0.9517,1,0.78,0.68,1.46
clase_1_20260921_193436.mp4,95,3.1667,1,normal,p01,1,0.9321,1,0.92,1.45,2.37
clase_1_20260921_193436.mp4,96,3.2,1,normal,p01,1,0.9982,1,1.32,1.42,2.74
clase_1_20260921_193436.mp4,97,3.2333,1,normal,p01,1,0.838,1,1.14,1.25,2.39
clase_1_20260921_193436.mp4,98,3.2667,1,normal,p01,1,0.9369,1,1.06,0.83,1.89
clase_1_20260921_193436.mp4,99,3.3,1,normal,p01,1,1.0,1,0.84,1.24,2.08
clase_1_20260921_193436.mp4,100,3.3333,1,normal,p01,1,0.9996,1,0.79,0.74,1.53
clase_1_20260921_193436.mp4,101,3.3667,1,normal,p01,1,1.0,1,0.76,0.7,1.46
clase_1_20260921_193436.mp4,102,3.4,1,normal,p01,1,1.0,1,0.99,1.62,2.61
clase_1_20260921_193436.mp4,103,3.4333,1,normal,p01,1,1.0,1,1.8,1.57,3.37
clase_1_20260921_193436.mp4,104,3.4667,1,normal,p01,1,1.0,1,0.99,0.95,1.95
clase_1_20260921_193436.mp4,105,3.5,1,normal,p01,1,1.0,1,0.77,0.79,1.57
clase_1_20260921_193436.mp4,106,3.5333,1,normal,p01,1,1.0,1,0.87,0.82,1.69
clase_1_20260921_193436.mp4,107,3.5667,1,normal,p01,1,1.0,1,0.86,0.78,1.64
clase_1_20260921_193436.mp4,108,3.6,1,normal,p01,1,1.0,1,0.81,1.02,1.82
clase_1_20260921_193436.mp4,109,3.6333,1,normal,p01,1,1.0,1,1.53,1.63,3.16
clase_1_20260921_193436.mp4,110,3.6667,1,normal,p01,1,1.0,1,1.41,1.49,2.9
clase_1_20260921_193436.mp4,111,3.7,1,normal,p01,1,1.0,1,0.95,0.94,1.89
clase_1_20260921_193436.mp4,112,3.7333,1,normal,p01,1,1.0,1,1.02,0.82,1.84
clase_1_20260921_193436.mp4,113,3.7667,1,normal,p01,1,1.0,1,0.81,0.75,1.57
clase_1_20260921_193436.mp4,114,3.8,1,normal,p01,1,1.0,1,0.8,0.7,1.5
clase_1_20260921_193436.mp4,115,3.8333,1,normal,p01,1,1.0,1,0.79,1.17,1.96
clase_1_20260921_193436.mp4,116,3.8667,1,normal,p01,1,1.0,1,1.23,1.6,2.83
clase_1_20260921_193436.mp4,117,3.9,1,normal,p01,1,1.0,1,1.21,1.19,2.4
clase_1_20260921_193436.mp4,118,3.9333,1,normal,p01,1,1.0,1,1.04,0.8,1.84
clase_1_20260921_193436.mp4,119,3.9667,1,normal,p01,1,1.0,1,0.8,0.82,1.62
clase_1_20260921_193436.mp4,120,4.0,1,normal,p01,1,1.0,1,0.84,0.76,1.6
clase_1_20260921_193436.mp4,121,4.0333,1,normal,p01,1,1.0,1,0.89,0.79,1.67
clase_1_20260921_193436.mp4,122,4.0667,1,normal,p01,1,1.0,1,0.81,1.31,2.11
clase_1_20260921_193436.mp4,123,4.1,1,normal,p01,1,1.0,1,1.14,2.08,3.22
clase_1_20260921_193436.mp4,124,4.1333,1,normal,p01,1,1.0,1,1.4,1.14,2.54
clase_1_20260921_193436.mp4,125,4.1667,1,normal,p01,1,1.0,1,0.87,0.85,1.71
clase_1_20260921_193436.mp4,126,4.2,1,normal,p01,1,1.0,1,0.82,0.77,1.6
clase_1_20260921_193436.mp4,127,4.2333,1,normal,p01,1,1.0,1,0.71,0.75,1.47
clase_1_20260921_193436.mp4,128,4.2667,1,normal,p01,1,1.0,1,0.77,0.68,1.45
clase_1_20260921_193436.mp4,129,4.3,1,normal,p01,1,1.0,1,1.06,1.38,2.44
clase_1_20260921_193436.mp4,130,4.3333,1,normal,p01,1,0.9999,1,1.3,1.38,2.68
clase_1_20260921_193436.mp4,131,4.3667,1,normal,p01,1,0.9999,1,1.16,1.19,2.35
clase_1_20260921_193436.mp4,132,4.4,1,normal,p01,1,0.9997,1,0.88,0.8,1.68
clase_1_20260921_193436.mp4,133,4.4333,1,normal,p01,1,0.9998,1,1.12,0.84,1.96
clase_1_20260921_193436.mp4,134,4.4667,1,normal,p01,1,0.9995,1,0.79,0.79,1.58
clase_1_20260921_193436.mp4,135,4.5,1,normal,p01,1,0.998,1,0.75,0.75,1.5
clase_1_20260921_193436.mp4,136,4.5333,1,normal,p01,1,0.9979,1,0.89,1.55,2.44
clase_1_20260921_193436.mp4,137,4.5667,1,normal,p01,1,0.9982,1,1.22,1.32,2.55
clase_1_20260921_193436.mp4,138,4.6,1,normal,p01,1,0.9997,1,1.14,0.99,2.14
clase_1_20260921_193436.mp4,139,4.6333,1,normal,p01,1,0.9969,1,0.92,0.79,1.7
clase_1_20260921_193436.mp4,140,4.6667,1,normal,p01,1,0.9965,1,0.87,0.68,1.55
clase_1_20260921_193436.mp4,141,4.7,1,normal,p01,1,0.9912,1,0.79,0.66,1.44
clase_1_20260921_193436.mp4,142,4.7333,1,normal,p01,1,0.9794,1,0.76,0.66,1.42
clase_1_20260921_193436.mp4,143,4.7667,1,normal,p01,1,0.975,1,0.8,0.85,1.64
clase_1_20260921_193436.mp4,144,4.8,1,normal,p01,1,0.996,1,1.09,1.54,2.63
clase_1_20260921_193436.mp4,145,4.8333,1,normal,p01,1,0.9933,1,1.11,1.13,2.23
clase_1_20260921_193436.mp4,146,4.8667,1,normal,p01,1,0.9889,1,0.83,0.75,1.58
clase_1_20260921_193436.mp4,147,4.9,1,normal,p01,1,0.9974,1,0.84,0.69,1.52
clase_1_20260921_193436.mp4,148,4.9333,1,normal,p01,1,0.9965,1,0.69,0.69,1.38
clase_1_20260921_193436.mp4,149,4.9667,1,normal,p01,1,0.9993,1,0.79,0.66,1.44
clase_1_20260921_193436.mp4,150,5.0,1,normal,p01,1,0.9996,1,0.79,0.75,1.54
clase_1_20260921_193436.mp4,151,5.0333,1,normal,p01,1,0.9994,1,0.77,0.69,1.47
clase_1_20260921_193436.mp4,152,5.0667,1,normal,p01,1,0.9994,1,1.55,1.51,3.07
clase_1_20260921_193436.mp4,153,5.1,1,normal,p01,1,0.9997,1,1.08,1.23,2.31
clase_1_20260921_193436.mp4,154,5.1333,1,normal,p01,1,0.9999,1,0.94,0.75,1.69
clase_1_20260921_193436.mp4,155,5.1667,1,normal,p01,1,0.9997,1,0.76,0.65,1.41
clase_1_20260921_193436.mp4,156,5.2,1,normal,p01,1,0.9999,1,0.77,0.66,1.44
clase_1_20260921_193436.mp4,157,5.2333,1,normal,p01,1,0.9999,1,0.7,0.66,1.36
clase_1_20260921_193436.mp4,158,5.2667,1,normal,p01,1,0.9999,1,0.75,0.65,1.41
clase_1_20260921_193436.mp4,159,5.3,1,normal,p01,1,1.0,1,0.74,0.7,1.45
clase_1_20260921_193436.mp4,160,5.3333,1,normal,p01,1,1.0,1,1.09,1.25,2.34
clase_1_20260921_193436.mp4,161,5.3667,1,normal,p01,1,1.0,1,1.28,1.25,2.53
clase_1_20260921_193436.mp4,162,5.4,1,normal,p01,1,1.0,1,1.01,0.98,1.99
clase_1_20260921_193436.mp4,163,5.4333,1,normal,p01,1,1.0,1,0.82,0.76,1.58
clase_1_20260921_193436.mp4,164,5.4667,1,normal,p01,1,1.0,1,0.89,0.72,1.62
clase_1_20260921_193436.mp4,165,5.5,1,normal,p01,1,1.0,1,0.87,0.85,1.72
clase_1_20260921_193436.mp4,166,5.5333,1,normal,p01,1,1.0,1,0.8,0.7,1.51
clase_1_20260921_193436.mp4,167,5.5667,1,normal,p01,1,1.0,1,1.01,1.47,2.47
clase_1_20260921_193436.mp4,168,5.6,1,normal,p01,1,1.0,1,1.27,1.35,2.62
clase_1_20260921_193436.mp4,169,5.6333,1,normal,p01,1,1.0,1,1.04,1.04,2.08
clase_1_20260921_193436.mp4,170,5.6667,1,normal,p01,1,1.0,1,0.86,0.81,1.68
clase_1_20260921_193436.mp4,171,5.7,1,normal,p01,1,1.0,1,0.83,0.7,1.53
clase_1_20260921_193436.mp4,172,5.7333,1,normal,p01,1,1.0,1,0.74,0.68,1.41
clase_1_20260921_193436.mp4,173,5.7667,1,normal,p01,1,1.0,1,0.77,0.68,1.45
clase_1_20260921_193436.mp4,174,5.8,1,normal,p01,1,1.0,1,0.78,0.7,1.48
clase_1_20260921_193436.mp4,175,5.8333,1,normal,p01,1,1.0,1,1.14,1.4,2.54
clase_1_20260921_193436.mp4,176,5.8667,1,normal,p01,1,1.0,1,1.14,1.43,2.56
clase_1_20260921_193436.mp4,177,5.9,1,normal,p01,1,1.0,1,1.0,0.89,1.89
clase_1_20260921_193436.mp4,178,5.9333,1,normal,p01,1,1.0,1,1.04,0.72,1.76
clase_1_20260921_193436.mp4,179,5.9667,1,normal,p01,1,1.0,1,0.73,0.69,1.43
clase_1_20260921_193436.mp4,180,6.0,1,normal,p01,1,1.0,1,0.76,0.68,1.44
clase_1_20260921_193436.mp4,181,6.0333,1,normal,p01,1,1.0,1,0.8,0.67,1.47
clase_1_20260921_193436.mp4,182,6.0667,1,normal,p01,1,1.0,1,0.82,1.25,2.07
clase_1_20260921_193436.mp4,183,6.1,1,normal,p01,1,1.0,1,1.32,1.24,2.56
clase_1_20260921_193436.mp4,184,6.1333,1,normal,p01,1,1.0,1,1.03,1.11,2.14
clase_1_20260921_193436.mp4,185,6.1667,1,normal,p01,1,1.0,1,0.84,0.97,1.81
clase_1_20260921_193436.mp4,186,6.2,1,normal,p01,1,1.0,1,0.79,0.71,1.5
clase_1_20260921_193436.mp4,187,6.2333,1,normal,p01,1,1.0,1,0.82,0.66,1.47
clase_1_20260921_193436.mp4,188,6.2667,1,normal,p01,1,1.0,1,0.76,0.64,1.4
clase_1_20260921_193436.mp4,189,6.3,1,normal,p01,1,1.0,1,0.73,0.7,1.42
clase_1_20260921_193436.mp4,190,6.3333,1,normal,p01,1,1.0,1,1.06,2.4,3.47
clase_1_20260921_193436.mp4,191,6.3667,1,normal,p01,1,1.0,1,1.02,1.31,2.33
clase_1_20260921_193436.mp4,192,6.4,1,normal,p01,1,1.0,1,0.86,0.82,1.68
clase_1_20260921_193436.mp4,193,6.4333,1,normal,p01,1,1.0,1,0.99,0.81,1.81
clase_1_20260921_193436.mp4,194,6.4667,1,normal,p01,1,1.0,1,0.92,0.87,1.79
clase_1_20260921_193436.mp4,195,6.5,1,normal,p01,1,1.0,1,0.7,0.66,1.37
clase_1_20260921_193436.mp4,196,6.5333,1,normal,p01,1,1.0,1,0.74,0.66,1.4
clase_1_20260921_193436.mp4,197,6.5667,1,normal,p01,1,1.0,1,0.79,1.06,1.85
clase_1_20260921_193436.mp4,198,6.6,1,normal,p01,1,1.0,1,1.11,1.43,2.53
clase_1_20260921_193436.mp4,199,6.6333,1,normal,p01,1,1.0,1,1.11,1.29,2.4
clase_1_20260921_193436.mp4,200,6.6667,1,normal,p01,1,1.0,1,0.95,0.95,1.9
clase_1_20260921_193436.mp4,201,6.7,1,normal,p01,1,1.0,1,0.96,1.06,2.02
clase_1_20260921_193436.mp4,202,6.7333,1,normal,p01,1,1.0,1,0.88,0.83,1.71
clase_1_20260921_193436.mp4,203,6.7667,1,normal,p01,1,1.0,1,0.79,0.77,1.56
clase_1_20260921_193436.mp4,204,6.8,1,normal,p01,1,1.0,1,0.85,1.68,2.54
clase_1_20260921_193436.mp4,205,6.8333,1,normal,p01,1,1.0,1,1.74,1.26,3.01
clase_1_20260921_193436.mp4,206,6.8667,1,normal,p01,1,1.0,1,1.02,1.04,2.06
clase_1_20260921_193436.mp4,207,6.9,1,normal,p01,1,1.0,1,0.82,0.82,1.63
clase_1_20260921_193436.mp4,208,6.9333,1,normal,p01,1,1.0,1,0.75,0.68,1.43
clase_1_20260921_193436.mp4,209,6.9667,1,normal,p01,1,1.0,1,0.76,0.67,1.43
clase_1_20260921_193436.mp4,210,7.0,1,normal,p01,1,1.0,1,0.73,0.64,1.37
clase_1_20260921_193436.mp4,211,7.0333,1,normal,p01,1,1.0,1,0.72,0.71,1.43
clase_1_20260921_193436.mp4,212,7.0667,1,normal,p01,1,1.0,1,0.97,1.37,2.33
clase_1_20260921_193436.mp4,213,7.1,1,normal,p01,1,1.0,1,1.4,1.55,2.96
clase_1_20260921_193436.mp4,214,7.1333,1,normal,p01,1,1.0,1,1.13,1.03,2.16
clase_1_20260921_193436.mp4,215,7.1667,1,normal,p01,1,1.0,1,1.01,0.84,1.85
clase_1_20260921_193436.mp4,216,7.2,1,normal,p01,1,1.0,1,0.78,1.16,1.94
clase_1_20260921_193436.mp4,217,7.2333,1,normal,p01,1,1.0,1,0.76,0.65,1.42
clase_1_20260921_193436.mp4,218,7.2667,1,normal,p01,1,1.0,1,0.72,0.66,1.39
clase_1_20260921_193436.mp4,219,7.3,1,normal,p01,1,1.0,1,0.85,1.34,2.19
clase_1_20260921_193436.mp4,220,7.3333,1,normal,p01,1,1.0,1,1.37,1.23,2.6
clase_1_20260921_193436.mp4,221,7.3667,1,normal,p01,1,1.0,1,1.03,1.15,2.19
clase_1_20260921_193436.mp4,222,7.4,1,normal,p01,1,1.0,1,0.84,0.68,1.51
clase_1_20260921_193436.mp4,223,7.4333,1,normal,p01,1,1.0,1,0.72,0.67,1.39
clase_1_20260921_193436.mp4,224,7.4667,1,normal,p01,1,1.0,1,0.74,0.67,1.41
clase_1_20260921_193436.mp4,225,7.5,1,normal,p01,1,1.0,1,0.81,0.93,1.73
clase_1_20260921_193436.mp4,226,7.5333,1,normal,p01,1,1.0,1,0.73,0.74,1.47
clase_1_20260921_193436.mp4,227,7.5667,1,normal,p01,1,1.0,1,0.97,1.51,2.47
clase_1_20260921_193436.mp4,228,7.6,1,normal,p01,1,1.0,1,1.43,1.62,3.05
clase_1_20260921_193436.mp4,229,7.6333,1,normal,p01,1,1.0,1,0.93,0.88,1.81
clase_1_20260921_193436.mp4,230,7.6667,1,normal,p01,1,0.9999,1,0.94,0.69,1.63
clase_1_20260921_193436.mp4,231,7.7,1,normal,p01,1,1.0,1,0.72,0.68,1.41
clase_1_20260921_193436.mp4,232,7.7333,1,normal,p01,1,0.9999,1,0.75,0.65,1.4
clase_1_20260921_193436.mp4,233,7.7667,1,normal,p01,1,0.9997,1,0.76,0.65,1.41
clase_1_20260921_193436.mp4,234,7.8,1,normal,p01,1,0.9997,1,0.87,1.2,2.07
clase_1_20260921_193436.mp4,235,7.8333,1,normal,p01,1,0.9995,1,1.21,1.42,2.63
clase_1_20260921_193436.mp4,236,7.8667,1,normal,p01,1,0.9998,1,1.12,1.09,2.21
clase_1_20260921_193436.mp4,237,7.9,1,normal,p01,1,0.9997,1,0.91,0.76,1.67
clase_1_20260921_193436.mp4,238,7.9333,1,normal,p01,1,0.9999,1,0.73,0.67,1.41
clase_1_20260921_193436.mp4,239,7.9667,1,normal,p01,1,0.9999,1,0.73,0.71,1.45
clase_1_20260921_193436.mp4,240,8.0,1,normal,p01,1,0.9998,1,0.76,0.67,1.43
clase_1_20260921_193436.mp4,241,8.0333,1,normal,p01,1,0.9999,1,0.83,0.74,1.57
clase_1_20260921_193436.mp4,242,8.0667,1,normal,p01,1,0.9997,1,0.98,1.33,2.3
clase_1_20260921_193436.mp4,243,8.1,1,normal,p01,1,0.9998,1,1.22,1.29,2.5
clase_1_20260921_193436.mp4,244,8.1333,1,normal,p01,1,1.0,1,1.06,1.06,2.12
clase_1_20260921_193436.mp4,245,8.1667,1,normal,p01,1,0.9999,1,0.87,0.77,1.64
clase_1_20260921_193436.mp4,246,8.2,1,normal,p01,1,0.9999,1,0.82,0.7,1.52
clase_1_20260921_193436.mp4,247,8.2333,1,normal,p01,1,1.0,1,0.76,0.69,1.45
clase_1_20260921_193436.mp4,248,8.2667,1,normal,p01,1,1.0,1,0.74,0.76,1.5
clase_1_20260921_193436.mp4,249,8.3,1,normal,p01,1,0.9999,1,0.73,0.71,1.44
clase_1_20260921_193436.mp4,250,8.3333,1,normal,p01,1,1.0,1,0.91,1.15,2.06
clase_1_20260921_193436.mp4,251,8.3667,1,normal,p01,1,1.0,1,1.07,1.18,2.25
clase_1_20260921_193436.mp4,252,8.4,1,normal,p01,1,1.0,1,1.08,0.95,2.03
clase_1_20260921_193436.mp4,253,8.4333,1,normal,p01,1,1.0,1,0.85,0.69,1.54
clase_1_20260921_193436.mp4,254,8.4667,1,normal,p01,1,1.0,1,0.86,0.65,1.51
clase_1_20260921_193436.mp4,255,8.5,1,normal,p01,1,1.0,1,0.73,0.66,1.39
clase_1_20260921_193436.mp4,256,8.5333,1,normal,p01,1,1.0,1,0.77,0.65,1.41
clase_1_20260921_193436.mp4,257,8.5667,1,normal,p01,1,1.0,1,0.71,0.7,1.42
clase_1_20260921_193436.mp4,258,8.6,1,normal,p01,1,1.0,1,0.93,1.14,2.07
clase_1_20260921_193436.mp4,259,8.6333,1,normal,p01,1,1.0,1,1.13,1.04,2.17
clase_1_20260921_193436.mp4,260,8.6667,1,normal,p01,1,1.0,1,1.04,1.07,2.11
clase_1_20260921_193436.mp4,261,8.7,1,normal,p01,1,1.0,1,0.85,0.81,1.66
clase_1_20260921_193436.mp4,262,8.7333,1,normal,p01,1,1.0,1,0.81,0.75,1.56
clase_1_20260921_193436.mp4,263,8.7667,1,normal,p01,1,1.0,1,0.76,0.82,1.58
clase_1_20260921_193436.mp4,264,8.8,1,normal,p01,1,1.0,1,0.79,0.72,1.5
clase_1_20260921_193436.mp4,265,8.8333,1,normal,p01,1,1.0,1,0.8,0.79,1.58
clase_1_20260921_193436.mp4,266,8.8667,1,normal,p01,1,1.0,1,1.21,1.18,2.38
clase_1_20260921_193436.mp4,267,8.9,1,normal,p01,1,1.0,1,1.1,1.26,2.36
clase_1_20260921_193436.mp4,268,8.9333,1,normal,p01,1,1.0,1,0.95,0.91,1.86
clase_1_20260921_193436.mp4,269,8.9667,1,normal,p01,1,1.0,1,0.72,0.7,1.43
clase_1_20260921_193436.mp4,270,9.0,1,normal,p01,1,1.0,1,0.72,0.63,1.35
clase_1_20260921_193436.mp4,271,9.0333,1,normal,p01,1,1.0,1,0.81,0.71,1.52
clase_1_20260921_193436.mp4,272,9.0667,1,normal,p01,1,1.0,1,0.74,0.65,1.39
clase_1_20260921_193436.mp4,273,9.1,1,normal,p01,1,1.0,1,0.69,0.82,1.51
clase_1_20260921_193436.mp4,274,9.1333,1,normal,p01,1,1.0,1,1.01,1.28,2.29
clase_1_20260921_193436.mp4,275,9.1667,1,normal,p01,1,1.0,1,0.95,1.22,2.17
clase_1_20260921_193436.mp4,276,9.2,1,normal,p01,1,1.0,1,0.92,0.87,1.79
clase_1_20260921_193436.mp4,277,9.2333,1,normal,p01,1,1.0,1,0.7,0.7,1.39
clase_1_20260921_193436.mp4,278,9.2667,1,normal,p01,1,1.0,1,0.75,0.62,1.37
clase_1_20260921_193436.mp4,279,9.3,1,normal,p01,1,1.0,1,0.73,0.64,1.37
clase_1_20260921_193436.mp4,280,9.3333,1,normal,p01,1,1.0,1,0.73,0.61,1.35
clase_1_20260921_193436.mp4,281,9.3667,1,normal,p01,1,1.0,1,0.69,0.68,1.38
clase_1_20260921_193436.mp4,282,9.4,1,normal,p01,1,1.0,1,0.91,1.47,2.38
clase_1_20260921_193436.mp4,283,9.4333,1,normal,p01,1,1.0,1,1.05,1.23,2.29
clase_1_20260921_193436.mp4,284,9.4667,1,normal,p01,1,1.0,1,0.97,0.95,1.92
clase_1_20260921_193436.mp4,285,9.5,1,normal,p01,1,1.0,1,0.81,0.75,1.56
clase_1_20260921_193436.mp4,286,9.5333,1,normal,p01,1,1.0,1,0.69,0.66,1.36
clase_1_20260921_193436.mp4,287,9.5667,1,normal,p01,1,1.0,1,0.71,0.66,1.37
clase_1_20260921_193436.mp4,288,9.6,1,normal,p01,1,1.0,1,0.69,0.65,1.34
clase_1_20260921_193436.mp4,289,9.6333,1,normal,p01,1,1.0,1,0.67,0.64,1.31
clase_1_20260921_193436.mp4,290,9.6667,1,normal,p01,1,1.0,1,0.68,0.82,1.5
clase_1_20260921_193436.mp4,291,9.7,1,normal,p01,1,1.0,1,1.01,1.37,2.38
clase_1_20260921_193436.mp4,292,9.7333,1,normal,p01,1,1.0,1,0.97,1.22,2.2
clase_1_20260921_193436.mp4,293,9.7667,1,normal,p01,1,1.0,1,0.91,0.8,1.71
clase_1_20260921_193436.mp4,294,9.8,1,normal,p01,1,1.0,1,0.79,0.66,1.45
clase_1_20260921_193436.mp4,295,9.8333,1,normal,p01,1,1.0,1,0.71,0.64,1.35
clase_1_20260921_193436.mp4,296,9.8667,1,normal,p01,1,1.0,1,0.74,0.64,1.38
clase_1_20260921_193436.mp4,297,9.9,1,normal,p01,1,1.0,1,0.72,0.65,1.37
clase_1_20260921_193436.mp4,298,9.9333,1,normal,p01,1,1.0,1,0.67,0.61,1.28
clase_1_20260921_193436.mp4,299,9.9667,1,normal,p01,1,1.0,1,0.87,1.08,1.95
clase_1_20260921_193436.mp4,300,10.0,1,normal,p01,1,1.0,1,1.13,1.11,2.24
clase_1_20260921_193436.mp4,301,10.0333,1,normal,p01,1,1.0,1,0.89,1.06,1.95
clase_1_20260921_193436.mp4,302,10.0667,1,normal,p01,1,0.9999,1,0.92,0.75,1.67
clase_2_20260921_193535.mp4,0,0.0,2,normal,p01,2,0.9996,1,1.0,1.19,2.19
clase_2_20260921_193535.mp4,1,0.0333,2,normal,p01,2,0.9995,1,0.84,0.75,1.59
clase_2_20260921_193535.mp4,2,0.0667,2,normal,p01,2,0.9997,1,0.84,0.69,1.52
clase_2_20260921_193535.mp4,3,0.1,2,normal,p01,2,0.9998,1,0.72,0.85,1.57
clase_2_20260921_193535.mp4,4,0.1333,2,normal,p01,2,0.9993,1,1.99,1.43,3.43
clase_2_20260921_193535.mp4,5,0.1667,2,normal,p01,2,0.9997,1,1.25,1.34,2.59
clase_2_20260921_193535.mp4,6,0.2,2,normal,p01,2,0.9999,1,0.98,1.06,2.04
clase_2_20260921_193535.mp4,7,0.2333,2,normal,p01,2,0.9997,1,0.92,1.25,2.17
clase_2_20260921_193535.mp4,8,0.2667,2,normal,p01,2,0.9997,1,0.84,0.83,1.66
clase_2_20260921_193535.mp4,9,0.3,2,normal,p01,2,0.9996,1,0.8,0.76,1.56
clase_2_20260921_193535.mp4,10,0.3333,2,normal,p01,2,0.9996,1,1.05,1.63,2.68
clase_2_20260921_193535.mp4,11,0.3667,2,normal,p01,2,0.9999,1,1.18,1.19,2.37
clase_2_20260921_193535.mp4,12,0.4,2,normal,p01,2,0.9998,1,1.11,1.06,2.17
clase_2_20260921_193535.mp4,13,0.4333,2,normal,p01,2,0.9996,1,0.92,0.95,1.87
clase_2_20260921_193535.mp4,14,0.4667,2,normal,p01,2,0.9997,1,0.8,0.68,1.48
clase_2_20260921_193535.mp4,15,0.5,2,normal,p01,2,0.9998,1,0.73,0.67,1.4
clase_2_20260921_193535.mp4,16,0.5333,2,normal,p01,2,0.9993,1,0.69,0.7,1.39
clase_2_20260921_193535.mp4,17,0.5667,2,normal,p01,2,0.9997,1,0.87,1.3,2.18
clase_2_20260921_193535.mp4,18,0.6,2,normal,p01,2,0.9998,1,1.1,1.14,2.24
clase_2_20260921_193535.mp4,19,0.6333,2,normal,p01,2,0.9994,1,0.99,1.08,2.07
clase_2_20260921_193535.mp4,20,0.6667,2,normal,p01,2,0.9997,1,0.92,0.99,1.91
clase_2_20260921_193535.mp4,21,0.7,2,normal,p01,2,0.9994,1,0.89,0.81,1.7
clase_2_20260921_193535.mp4,22,0.7333,2,normal,p01,2,0.9994,1,0.75,0.68,1.43
clase_2_20260921_193535.mp4,23,0.7667,2,normal,p01,2,0.9999,1,0.76,0.64,1.4
clase_2_20260921_193535.mp4,24,0.8,2,normal,p01,2,0.9997,1,0.75,0.66,1.41
clase_2_20260921_193535.mp4,25,0.8333,2,normal,p01,2,0.9986,1,1.08,1.62,2.71
clase_2_20260921_193535.mp4,26,0.8667,2,normal,p01,2,0.9997,1,1.18,1.42,2.59
clase_2_20260921_193535.mp4,27,0.9,2,normal,p01,2,0.9986,1,0.92,0.76,1.68
clase_2_20260921_193535.mp4,28,0.9333,2,normal,p01,2,0.9966,1,0.78,0.65,1.44
clase_2_20260921_193535.mp4,29,0.9667,2,normal,p01,2,0.9989,1,0.75,0.63,1.38
clase_2_20260921_193535.mp4,30,1.0,2,normal,p01,2,0.9927,1,0.81,0.66,1.46
clase_2_20260921_193535.mp4,31,1.0333,2,normal,p01,2,0.9931,1,0.74,0.61,1.35
clase_2_20260921_193535.mp4,32,1.0667,2,normal,p01,2,0.9918,1,0.76,0.66,1.41
clase_2_20260921_193535.mp4,33,1.1,2,normal,p01,2,0.9892,1,1.05,1.28,2.33
clase_2_20260921_193535.mp4,34,1.1333,2,normal,p01,2,0.9844,1,1.12,1.01,2.13
clase_2_20260921_193535.mp4,35,1.1667,2,normal,p01,2,0.9994,1,1.09,1.07,2.16
clase_2_20260921_193535.mp4,36,1.2,2,normal,p01,2,0.9999,1,0.85,0.71,1.57
clase_2_20260921_193535.mp4,37,1.2333,2,normal,p01,2,0.9998,1,0.79,0.67,1.46
clase_2_20260921_193535.mp4,38,1.2667,2,normal,p01,2,0.9867,1,0.76,0.65,1.41
clase_2_20260921_193535.mp4,39,1.3,2,normal,p01,2,0.9907,1,0.8,0.67,1.47
clase_2_20260921_193535.mp4,40,1.3333,2,normal,p01,2,0.9955,1,0.75,0.7,1.46
clase_2_20260921_193535.mp4,41,1.3667,2,normal,p01,2,0.9954,1,1.16,1.32,2.47
clase_2_20260921_193535.mp4,42,1.4,2,normal,p01,2,0.9993,1,1.33,1.89,3.22
clase_2_20260921_193535.mp4,43,1.4333,2,normal,p01,2,0.9994,1,0.95,0.96,1.91
clase_2_20260921_193535.mp4,44,1.4667,2,normal,p01,2,0.9962,1,0.92,0.68,1.6
clase_2_20260921_193535.mp4,45,1.5,2,normal,p01,2,0.9938,1,0.78,0.66,1.44
clase_2_20260921_193535.mp4,46,1.5333,2,normal,p01,2,0.9923,1,0.81,0.7,1.51
clase_2_20260921_193535.mp4,47,1.5667,2,normal,p01,2,0.9999,1,0.71,0.66,1.37
clase_2_20260921_193535.mp4,48,1.6,2,normal,p01,2,0.9999,1,0.79,0.8,1.59
clase_2_20260921_193535.mp4,49,1.6333,2,normal,p01,2,1.0,1,1.13,1.44,2.57
clase_2_20260921_193535.mp4,50,1.6667,2,normal,p01,2,0.9999,1,1.03,1.18,2.21
clase_2_20260921_193535.mp4,51,1.7,2,normal,p01,2,0.9999,1,0.84,0.78,1.62
clase_2_20260921_193535.mp4,52,1.7333,2,normal,p01,2,0.9993,1,0.73,0.68,1.4
clase_2_20260921_193535.mp4,53,1.7667,2,normal,p01,2,0.9753,1,0.7,0.7,1.41
clase_2_20260921_193535.mp4,54,1.8,2,normal,p01,2,0.9753,1,0.79,0.68,1.47
clase_2_20260921_193535.mp4,55,1.8333,2,normal,p01,2,0.9597,1,0.7,0.67,1.37
clase_2_20260921_193535.mp4,56,1.8667,2,normal,p01,2,0.9571,1,0.7,0.68,1.38
clase_2_20260921_193535.mp4,57,1.9,2,normal,p01,2,0.9433,1,0.9,1.13,2.03
clase_2_20260921_193535.mp4,58,1.9333,2,normal,p01,2,0.9643,1,1.04,1.05,2.1
clase_2_20260921_193535.mp4,59,1.9667,2,normal,p01,2,0.9402,1,0.97,1.17,2.13
clase_2_20260921_193535.mp4,60,2.0,2,normal,p01,2,0.9965,1,0.78,0.71,1.49
clase_2_20260921_193535.mp4,61,2.0333,2,normal,p01,2,0.9941,1,0.8,0.68,1.48
clase_2_20260921_193535.mp4,62,2.0667,2,normal,p01,2,0.9999,1,0.69,0.64,1.33
clase_2_20260921_193535.mp4,63,2.1,2,normal,p01,2,0.9729,1,0.7,0.71,1.41
clase_2_20260921_193535.mp4,64,2.1333,2,normal,p01,2,0.9806,1,0.72,0.68,1.4
clase_2_20260921_193535.mp4,65,2.1667,2,normal,p01,2,0.9976,1,0.74,0.98,1.72
clase_2_20260921_193535.mp4,66,2.2,2,normal,p01,2,0.9931,1,0.95,1.2,2.15
clase_2_20260921_193535.mp4,67,2.2333,2,normal,p01,2,0.9996,1,0.88,1.12,2.0
clase_2_20260921_193535.mp4,68,2.2667,2,normal,p01,2,0.9994,1,0.85,0.84,1.69
clase_2_20260921_193535.mp4,69,2.3,2,normal,p01,2,0.9993,1,0.73,0.86,1.6
clase_2_20260921_193535.mp4,70,2.3333,2,normal,p01,2,0.9993,1,0.73,0.68,1.41
clase_2_20260921_193535.mp4,71,2.3667,2,normal,p01,2,0.998,1,0.68,0.68,1.36
clase_2_20260921_193535.mp4,72,2.4,2,normal,p01,2,0.9996,1,0.73,0.66,1.39
clase_2_20260921_193535.mp4,73,2.4333,2,normal,p01,2,1.0,1,0.71,0.67,1.37
clase_2_20260921_193535.mp4,74,2.4667,2,normal,p01,2,0.9999,1,0.88,1.13,2.01
clase_2_20260921_193535.mp4,75,2.5,2,normal,p01,2,0.9998,1,1.09,1.1,2.18
clase_2_20260921_193535.mp4,76,2.5333,2,normal,p01,2,1.0,1,1.01,1.05,2.06
clase_2_20260921_193535.mp4,77,2.5667,2,normal,p01,2,0.9999,1,0.73,0.7,1.42
clase_2_20260921_193535.mp4,78,2.6,2,normal,p01,2,0.9999,1,0.73,0.75,1.48
clase_2_20260921_193535.mp4,79,2.6333,2,normal,p01,2,0.9999,1,0.75,0.71,1.46
clase_2_20260921_193535.mp4,80,2.6667,2,normal,p01,2,1.0,1,0.73,0.65,1.38
clase_2_20260921_193535.mp4,81,2.7,2,normal,p01,2,0.9999,1,0.71,0.64,1.35
clase_2_20260921_193535.mp4,82,2.7333,2,normal,p01,2,0.9999,1,0.79,1.02,1.81
clase_2_20260921_193535.mp4,83,2.7667,2,normal,p01,2,1.0,1,1.03,1.18,2.2
clase_2_20260921_193535.mp4,84,2.8,2,normal,p01,2,0.9999,1,0.89,1.13,2.02
clase_2_20260921_193535.mp4,85,2.8333,2,normal,p01,2,1.0,1,0.91,0.9,1.81
clase_2_20260921_193535.mp4,86,2.8667,2,normal,p01,2,1.0,1,0.85,0.81,1.66
clase_2_20260921_193535.mp4,87,2.9,2,normal,p01,2,1.0,1,0.8,0.82,1.62
clase_2_20260921_193535.mp4,88,2.9333,2,normal,p01,2,0.9997,1,0.83,1.1,1.93
clase_2_20260921_193535.mp4,89,2.9667,2,normal,p01,2,0.9999,1,0.78,0.71,1.49
clase_2_20260921_193535.mp4,90,3.0,2,normal,p01,2,0.9999,1,0.92,1.26,2.19
clase_2_20260921_193535.mp4,91,3.0333,2,normal,p01,2,0.9995,1,1.13,1.34,2.47
clase_2_20260921_193535.mp4,92,3.0667,2,normal,p01,2,0.9995,1,1.0,1.07,2.07
clase_2_20260921_193535.mp4,93,3.1,2,normal,p01,2,0.9985,1,1.15,1.1,2.25
clase_2_20260921_193535.mp4,94,3.1333,2,normal,p01,2,0.9964,1,0.88,1.17,2.05
clase_2_20260921_193535.mp4,95,3.1667,2,normal,p01,2,0.9968,1,1.37,1.13,2.5
clase_2_20260921_193535.mp4,96,3.2,2,normal,p01,2,0.9979,1,0.85,1.47,2.32
clase_2_20260921_193535.mp4,97,3.2333,2,normal,p01,2,0.9991,1,1.2,1.4,2.59
clase_2_20260921_193535.mp4,98,3.2667,2,normal,p01,2,0.997,1,0.98,1.15,2.12
clase_2_20260921_193535.mp4,99,3.3,2,normal,p01,2,0.9983,1,0.86,0.82,1.68
clase_2_20260921_193535.mp4,100,3.3333,2,normal,p01,2,0.9988,1,0.76,0.72,1.47
clase_2_20260921_193535.mp4,101,3.3667,2,normal,p01,2,0.9992,1,0.73,0.63,1.36
clase_2_20260921_193535.mp4,102,3.4,2,normal,p01,2,0.9986,1,0.75,0.66,1.41
clase_2_20260921_193535.mp4,103,3.4333,2,normal,p01,2,0.9993,1,0.71,0.65,1.36
clase_2_20260921_193535.mp4,104,3.4667,2,normal,p01,2,0.9991,1,0.76,0.94,1.7
clase_2_20260921_193535.mp4,105,3.5,2,normal,p01,2,0.9998,1,1.12,1.31,2.43
clase_2_20260921_193535.mp4,106,3.5333,2,normal,p01,2,0.9997,1,0.93,1.15,2.08
clase_2_20260921_193535.mp4,107,3.5667,2,normal,p01,2,0.9999,1,0.86,0.78,1.63
clase_2_20260921_193535.mp4,108,3.6,2,normal,p01,2,0.9999,1,0.8,0.65,1.45
clase_2_20260921_193535.mp4,109,3.6333,2,normal,p01,2,0.9998,1,0.76,0.64,1.4
clase_2_20260921_193535.mp4,110,3.6667,2,normal,p01,2,0.9999,1,0.77,0.6,1.38
clase_2_20260921_193535.mp4,111,3.7,2,normal,p01,2,0.9999,1,0.75,0.69,1.44
clase_2_20260921_193535.mp4,112,3.7333,2,normal,p01,2,0.999,1,0.69,0.73,1.41
clase_2_20260921_193535.mp4,113,3.7667,2,normal,p01,2,0.9997,1,1.05,1.34,2.39
clase_2_20260921_193535.mp4,114,3.8,2,normal,p01,2,0.9999,1,0.94,1.26,2.2
clase_2_20260921_193535.mp4,115,3.8333,2,normal,p01,2,1.0,1,0.97,0.97,1.93
clase_2_20260921_193535.mp4,116,3.8667,2,normal,p01,2,1.0,1,0.71,0.71,1.43
clase_2_20260921_193535.mp4,117,3.9,2,normal,p01,2,1.0,1,0.71,0.71,1.42
clase_2_20260921_193535.mp4,118,3.9333,2,normal,p01,2,1.0,1,0.73,0.65,1.38
clase_2_20260921_193535.mp4,119,3.9667,2,normal,p01,2,0.9999,1,0.69,0.63,1.32
clase_2_20260921_193535.mp4,120,4.0,2,normal,p01,2,0.9999,1,0.72,0.72,1.43
clase_2_20260921_193535.mp4,121,4.0333,2,normal,p01,2,0.9999,1,0.83,1.07,1.9
clase_2_20260921_193535.mp4,122,4.0667,2,normal,p01,2,0.9998,1,0.99,1.17,2.16
clase_2_20260921_193535.mp4,123,4.1,2,normal,p01,2,0.9999,1,1.05,1.08,2.14
clase_2_20260921_193535.mp4,124,4.1333,2,normal,p01,2,0.9999,1,0.9,0.85,1.75
clase_2_20260921_193535.mp4,125,4.1667,2,normal,p01,2,0.9999,1,0.72,0.68,1.4
clase_2_20260921_193535.mp4,126,4.2,2,normal,p01,2,0.9999,1,0.68,0.67,1.34
clase_2_20260921_193535.mp4,127,4.2333,2,normal,p01,2,0.9997,1,0.67,0.67,1.34
clase_2_20260921_193535.mp4,128,4.2667,2,normal,p01,2,0.9999,1,0.66,0.73,1.39
clase_2_20260921_193535.mp4,129,4.3,2,normal,p01,2,1.0,1,0.72,0.77,1.48
clase_2_20260921_193535.mp4,130,4.3333,2,normal,p01,2,1.0,1,0.91,1.22,2.13
clase_2_20260921_193535.mp4,131,4.3667,2,normal,p01,2,0.9995,1,1.0,1.13,2.13
clase_2_20260921_193535.mp4,132,4.4,2,normal,p01,2,0.9996,1,0.93,0.97,1.9
clase_2_20260921_193535.mp4,133,4.4333,2,normal,p01,2,0.9993,1,0.78,0.7,1.47
clase_2_20260921_193535.mp4,134,4.4667,2,normal,p01,2,0.9997,1,0.69,0.67,1.36
clase_2_20260921_193535.mp4,135,4.5,2,normal,p01,2,0.999,1,0.74,0.62,1.37
clase_2_20260921_193535.mp4,136,4.5333,2,normal,p01,2,0.9994,1,0.69,0.73,1.42
clase_2_20260921_193535.mp4,137,4.5667,2,normal,p01,2,0.9962,1,0.7,0.65,1.36
clase_2_20260921_193535.mp4,138,4.6,2,normal,p01,2,0.9987,1,0.88,1.33,2.21
clase_2_20260921_193535.mp4,139,4.6333,2,normal,p01,2,0.9995,1,1.03,1.16,2.18
clase_2_20260921_193535.mp4,140,4.6667,2,normal,p01,2,0.9997,1,0.98,0.98,1.96
clase_2_20260921_193535.mp4,141,4.7,2,normal,p01,2,0.9999,1,0.75,0.72,1.46
clase_2_20260921_193535.mp4,142,4.7333,2,normal,p01,2,0.9998,1,0.74,0.69,1.43
clase_2_20260921_193535.mp4,143,4.7667,2,normal,p01,2,0.9996,1,0.66,0.66,1.32
clase_2_20260921_193535.mp4,144,4.8,2,normal,p01,2,0.9999,1,0.69,0.73,1.42
clase_2_20260921_193535.mp4,145,4.8333,2,normal,p01,2,0.9997,1,0.73,0.64,1.37
clase_2_20260921_193535.mp4,146,4.8667,2,normal,p01,2,0.9999,1,0.76,1.01,1.77
clase_2_20260921_193535.mp4,147,4.9,2,normal,p01,2,0.9998,1,1.13,1.43,2.56
clase_2_20260921_193535.mp4,148,4.9333,2,normal,p01,2,0.9999,1,1.07,1.09,2.16
clase_2_20260921_193535.mp4,149,4.9667,2,normal,p01,2,0.9999,1,0.92,0.74,1.66
clase_2_20260921_193535.mp4,150,5.0,2,normal,p01,2,0.9999,1,0.77,0.7,1.47
clase_2_20260921_193535.mp4,151,5.0333,2,normal,p01,2,0.9999,1,0.74,0.64,1.37
clase_2_20260921_193535.mp4,152,5.0667,2,normal,p01,2,0.9999,1,0.83,0.74,1.57
clase_2_20260921_193535.mp4,153,5.1,2,normal,p01,2,0.9999,1,0.72,0.72,1.44
clase_2_20260921_193535.mp4,154,5.1333,2,normal,p01,2,0.9999,1,0.85,0.93,1.78
clase_2_20260921_193535.mp4,155,5.1667,2,normal,p01,2,0.9999,1,1.13,1.14,2.27
clase_2_20260921_193535.mp4,156,5.2,2,normal,p01,2,1.0,1,1.02,1.14,2.16
clase_2_20260921_193535.mp4,157,5.2333,2,normal,p01,2,1.0,1,1.01,1.2,2.21
clase_2_20260921_193535.mp4,158,5.2667,2,normal,p01,2,1.0,1,0.79,0.71,1.51
clase_2_20260921_193535.mp4,159,5.3,2,normal,p01,2,1.0,1,0.85,0.67,1.52
clase_2_20260921_193535.mp4,160,5.3333,2,normal,p01,2,1.0,1,0.72,0.65,1.37
clase_2_20260921_193535.mp4,161,5.3667,2,normal,p01,2,1.0,1,0.71,0.67,1.38
clase_2_20260921_193535.mp4,162,5.4,2,normal,p01,2,1.0,1,0.9,1.2,2.1
clase_2_20260921_193535.mp4,163,5.4333,2,normal,p01,2,0.9999,1,1.21,1.28,2.5
clase_2_20260921_193535.mp4,164,5.4667,2,normal,p01,2,1.0,1,0.94,0.99,1.93
clase_2_20260921_193535.mp4,165,5.5,2,normal,p01,2,1.0,1,0.71,0.74,1.45
clase_2_20260921_193535.mp4,166,5.5333,2,normal,p01,2,0.9999,1,0.92,0.87,1.79
clase_2_20260921_193535.mp4,167,5.5667,2,normal,p01,2,0.9999,1,0.96,0.88,1.84
clase_2_20260921_193535.mp4,168,5.6,2,normal,p01,2,0.9999,1,0.81,0.62,1.43
clase_2_20260921_193535.mp4,169,5.6333,2,normal,p01,2,0.9999,1,0.76,0.6,1.36
clase_2_20260921_193535.mp4,170,5.6667,2,normal,p01,2,1.0,1,0.91,1.23,2.13
clase_2_20260921_193535.mp4,171,5.7,2,normal,p01,2,0.9999,1,1.13,1.41,2.54
clase_2_20260921_193535.mp4,172,5.7333,2,normal,p01,2,1.0,1,0.97,0.85,1.82
clase_2_20260921_193535.mp4,173,5.7667,2,normal,p01,2,0.9999,1,0.77,0.69,1.46
clase_2_20260921_193535.mp4,174,5.8,2,normal,p01,2,1.0,1,0.72,0.67,1.39
clase_2_20260921_193535.mp4,175,5.8333,2,normal,p01,2,0.9996,1,0.72,0.69,1.4
clase_2_20260921_193535.mp4,176,5.8667,2,normal,p01,2,0.9173,1,0.71,0.64,1.35
clase_2_20260921_193535.mp4,177,5.9,2,normal,p01,2,0.9754,1,0.71,0.66,1.37
clase_2_20260921_193535.mp4,178,5.9333,2,normal,p01,2,0.6558,1,0.74,1.02,1.76
clase_2_20260921_193535.mp4,179,5.9667,2,normal,p01,2,0.756,1,0.98,1.24,2.22
clase_2_20260921_193535.mp4,180,6.0,2,normal,p01,2,0.9214,1,0.93,1.1,2.03
clase_2_20260921_193535.mp4,181,6.0333,2,normal,p01,2,0.9668,1,0.9,0.91,1.82
clase_2_20260921_193535.mp4,182,6.0667,2,normal,p01,2,0.9883,1,0.82,0.72,1.53
clase_2_20260921_193535.mp4,183,6.1,2,normal,p01,2,0.9853,1,0.75,0.73,1.49
clase_2_20260921_193535.mp4,184,6.1333,2,normal,p01,2,0.9845,1,0.71,0.69,1.39
clase_2_20260921_193535.mp4,185,6.1667,2,normal,p01,2,0.99,1,0.72,0.68,1.4
clase_2_20260921_193535.mp4,186,6.2,2,normal,p01,2,0.9889,1,0.77,0.92,1.69
clase_2_20260921_193535.mp4,187,6.2333,2,normal,p01,3,0.6518,1,1.16,1.62,2.78
clase_2_20260921_193535.mp4,188,6.2667,2,normal,p01,3,0.5194,1,0.94,1.5,2.43
clase_2_20260921_193535.mp4,189,6.3,2,normal,p01,2,0.6813,1,0.91,0.83,1.73
clase_2_20260921_193535.mp4,190,6.3333,2,normal,p01,3,0.4522,1,0.76,0.77,1.52
clase_2_20260921_193535.mp4,191,6.3667,2,normal,p01,2,0.8637,1,0.72,0.72,1.44
clase_2_20260921_193535.mp4,192,6.4,2,normal,p01,2,0.6873,1,0.81,0.9,1.72
clase_2_20260921_193535.mp4,193,6.4333,2,normal,p01,2,0.9351,1,0.73,0.71,1.44
clase_2_20260921_193535.mp4,194,6.4667,2,normal,p01,2,0.8962,1,1.0,1.73,2.72
clase_2_20260921_193535.mp4,195,6.5,2,normal,p01,2,0.9513,1,1.27,1.65,2.92
clase_2_20260921_193535.mp4,196,6.5333,2,normal,p01,2,0.9762,1,1.05,1.2,2.25
clase_2_20260921_193535.mp4,197,6.5667,2,normal,p01,2,0.9955,1,0.8,0.75,1.55
clase_2_20260921_193535.mp4,198,6.6,2,normal,p01,2,0.9983,1,0.7,0.68,1.38
clase_2_20260921_193535.mp4,199,6.6333,2,normal,p01,2,0.9982,1,0.76,0.66,1.42
clase_2_20260921_193535.mp4,200,6.6667,2,normal,p01,2,0.9945,1,0.7,0.67,1.37
clase_2_20260921_193535.mp4,201,6.7,2,normal,p01,2,0.9986,1,0.84,1.53,2.36
clase_2_20260921_193535.mp4,202,6.7333,2,normal,p01,2,0.9966,1,1.07,1.54,2.61
clase_2_20260921_193535.mp4,203,6.7667,2,normal,p01,2,0.9464,1,1.21,1.27,2.48
clase_2_20260921_193535.mp4,204,6.8,2,normal,p01,2,0.9455,1,0.8,0.84,1.64
clase_2_20260921_193535.mp4,205,6.8333,2,normal,p01,2,0.8926,1,0.75,0.81,1.57
clase_2_20260921_193535.mp4,206,6.8667,2,normal,p01,2,0.7934,1,0.71,0.78,1.49
clase_2_20260921_193535.mp4,207,6.9,2,normal,p01,2,0.9085,1,0.69,0.72,1.41
clase_2_20260921_193535.mp4,208,6.9333,2,normal,p01,2,0.7935,1,0.74,1.37,2.1
clase_2_20260921_193535.mp4,209,6.9667,2,normal,p01,2,0.8774,1,1.17,1.56,2.73
clase_2_20260921_193535.mp4,210,7.0,2,normal,p01,2,0.8955,1,1.02,1.19,2.21
clase_2_20260921_193535.mp4,211,7.0333,2,normal,p01,2,0.9984,1,0.94,1.06,2.0
clase_2_20260921_193535.mp4,212,7.0667,2,normal,p01,2,0.9999,1,0.84,0.79,1.63
clase_2_20260921_193535.mp4,213,7.1,2,normal,p01,2,1.0,1,0.73,0.71,1.44
clase_2_20260921_193535.mp4,214,7.1333,2,normal,p01,2,0.9999,1,0.7,0.67,1.37
clase_2_20260921_193535.mp4,215,7.1667,2,normal,p01,2,0.9991,1,0.74,0.87,1.61
clase_2_20260921_193535.mp4,216,7.2,2,normal,p01,2,0.9999,1,1.1,1.61,2.71
clase_2_20260921_193535.mp4,217,7.2333,2,normal,p01,2,0.9997,1,1.1,1.38,2.48
clase_2_20260921_193535.mp4,218,7.2667,2,normal,p01,2,0.9998,1,0.94,0.9,1.84
clase_2_20260921_193535.mp4,219,7.3,2,normal,p01,2,0.9993,1,0.81,0.78,1.59
clase_2_20260921_193535.mp4,220,7.3333,2,normal,p01,2,0.9974,1,0.75,0.71,1.46
clase_2_20260921_193535.mp4,221,7.3667,2,normal,p01,2,0.9992,1,0.74,0.7,1.45
clase_2_20260921_193535.mp4,222,7.4,2,normal,p01,2,0.9994,1,0.7,0.74,1.44
clase_2_20260921_193535.mp4,223,7.4333,2,normal,p01,2,0.9977,1,0.91,1.45,2.37
clase_2_20260921_193535.mp4,224,7.4667,2,normal,p01,2,0.9984,1,1.32,1.43,2.75
clase_2_20260921_193535.mp4,225,7.5,2,normal,p01,2,0.9985,1,1.13,1.13,2.26
clase_2_20260921_193535.mp4,226,7.5333,2,normal,p01,2,0.9983,1,0.95,0.78,1.73
clase_2_20260921_193535.mp4,227,7.5667,2,normal,p01,2,0.9983,1,0.81,0.71,1.52
clase_2_20260921_193535.mp4,228,7.6,2,normal,p01,2,0.9972,1,0.79,0.66,1.45
clase_2_20260921_193535.mp4,229,7.6333,2,normal,p01,2,0.9985,1,0.76,0.63,1.38
clase_2_20260921_193535.mp4,230,7.6667,2,normal,p01,2,0.9961,1,0.8,1.13,1.93
clase_2_20260921_193535.mp4,231,7.7,2,normal,p01,2,0.997,1,1.08,1.37,2.45
clase_2_20260921_193535.mp4,232,7.7333,2,normal,p01,2,0.9982,1,0.96,1.06,2.01
clase_2_20260921_193535.mp4,233,7.7667,2,normal,p01,2,0.9962,1,0.81,0.78,1.59
clase_2_20260921_193535.mp4,234,7.8,2,normal,p01,2,0.996,1,0.78,0.67,1.45
clase_2_20260921_193535.mp4,235,7.8333,2,normal,p01,2,0.9939,1,0.73,0.62,1.35
clase_2_20260921_193535.mp4,236,7.8667,2,normal,p01,2,0.993,1,0.76,0.75,1.51
clase_2_20260921_193535.mp4,237,7.9,2,normal,p01,2,0.997,1,0.8,0.73,1.53
clase_2_20260921_193535.mp4,238,7.9333,2,normal,p01,2,0.9928,1,0.87,1.07,1.94
clase_2_20260921_193535.mp4,239,7.9667,2,normal,p01,2,0.9994,1,1.19,1.46,2.64
clase_2_20260921_193535.mp4,240,8.0,2,normal,p01,2,0.9991,1,1.04,1.12,2.16
clase_2_20260921_193535.mp4,241,8.0333,2,normal,p01,2,0.9991,1,0.89,0.8,1.69
clase_2_20260921_193535.mp4,242,8.0667,2,normal,p01,2,0.9995,1,0.78,0.68,1.46
clase_2_20260921_193535.mp4,243,8.1,2,normal,p01,2,0.9981,1,0.74,0.69,1.42
clase_2_20260921_193535.mp4,244,8.1333,2,normal,p01,2,0.9945,1,0.75,0.65,1.4
clase_2_20260921_193535.mp4,245,8.1667,2,normal,p01,2,0.9999,1,0.85,0.77,1.62
clase_2_20260921_193535.mp4,246,8.2,2,normal,p01,2,0.9948,1,0.83,1.1,1.93
clase_2_20260921_193535.mp4,247,8.2333,2,normal,p01,2,0.9996,1,1.18,1.28,2.46
clase_2_20260921_193535.mp4,248,8.2667,2,normal,p01,2,0.9971,1,1.06,1.09,2.15
clase_2_20260921_193535.mp4,249,8.3,2,normal,p01,2,0.9878,1,0.91,0.78,1.69
clase_2_20260921_193535.mp4,250,8.3333,2,normal,p01,2,0.9745,1,0.81,1.31,2.11
clase_2_20260921_193535.mp4,251,8.3667,2,normal,p01,2,0.9986,1,0.76,0.66,1.41
clase_2_20260921_193535.mp4,252,8.4,2,normal,p01,2,0.9914,1,0.82,0.61,1.43
clase_2_20260921_193535.mp4,253,8.4333,2,normal,p01,2,0.9998,1,0.72,0.64,1.36
clase_2_20260921_193535.mp4,254,8.4667,2,normal,p01,2,0.9933,1,0.89,1.22,2.12
clase_2_20260921_193535.mp4,255,8.5,2,normal,p01,2,0.9995,1,1.03,1.24,2.26
clase_2_20260921_193535.mp4,256,8.5333,2,normal,p01,2,0.9925,1,1.26,1.1,2.37
clase_2_20260921_193535.mp4,257,8.5667,2,normal,p01,2,0.9967,1,0.82,0.68,1.5
clase_2_20260921_193535.mp4,258,8.6,2,normal,p01,2,0.9998,1,0.79,0.66,1.45
clase_2_20260921_193535.mp4,259,8.6333,2,normal,p01,2,1.0,1,0.8,0.7,1.5
clase_2_20260921_193535.mp4,260,8.6667,2,normal,p01,2,1.0,1,0.75,0.68,1.43
clase_2_20260921_193535.mp4,261,8.7,2,normal,p01,2,1.0,1,0.73,0.66,1.39
clase_2_20260921_193535.mp4,262,8.7333,2,normal,p01,2,0.9912,1,0.97,1.26,2.23
clase_2_20260921_193535.mp4,263,8.7667,2,normal,p01,2,0.9987,1,1.15,1.13,2.28
clase_2_20260921_193535.mp4,264,8.8,2,normal,p01,2,0.9984,1,0.89,1.04,1.93
clase_2_20260921_193535.mp4,265,8.8333,2,normal,p01,2,0.988,1,0.75,0.73,1.47
clase_2_20260921_193535.mp4,266,8.8667,2,normal,p01,2,0.9931,1,0.7,0.71,1.41
clase_2_20260921_193535.mp4,267,8.9,2,normal,p01,2,0.9437,1,0.88,0.74,1.62
clase_2_20260921_193535.mp4,268,8.9333,2,normal,p01,2,0.9713,1,0.77,0.74,1.51
clase_2_20260921_193535.mp4,269,8.9667,2,normal,p01,2,0.9746,1,0.7,0.72,1.42
clase_2_20260921_193535.mp4,270,9.0,2,normal,p01,2,0.9773,1,0.82,1.3,2.12
clase_2_20260921_193535.mp4,271,9.0333,2,normal,p01,2,0.9644,1,1.11,1.28,2.4
clase_2_20260921_193535.mp4,272,9.0667,2,normal,p01,2,0.9645,1,0.97,1.02,1.99
clase_2_20260921_193535.mp4,273,9.1,2,normal,p01,2,0.9806,1,0.85,1.16,2.01
clase_2_20260921_193535.mp4,274,9.1333,2,normal,p01,2,0.9625,1,0.81,0.71,1.52
clase_2_20260921_193535.mp4,275,9.1667,2,normal,p01,2,0.9919,1,0.85,1.17,2.02
clase_2_20260921_193535.mp4,276,9.2,2,normal,p01,2,0.998,1,0.8,0.7,1.51
clase_2_20260921_193535.mp4,277,9.2333,2,normal,p01,2,0.9994,1,0.77,0.62,1.39
clase_2_20260921_193535.mp4,278,9.2667,2,normal,p01,2,0.9998,1,1.07,1.46,2.53
clase_2_20260921_193535.mp4,279,9.3,2,normal,p01,2,0.9999,1,1.05,1.4,2.45
clase_2_20260921_193535.mp4,280,9.3333,2,normal,p01,2,0.9997,1,0.93,0.93,1.85
clase_2_20260921_193535.mp4,281,9.3667,2,normal,p01,2,0.9998,1,0.76,0.67,1.44
clase_2_20260921_193535.mp4,282,9.4,2,normal,p01,2,0.9999,1,0.76,0.64,1.4
clase_2_20260921_193535.mp4,283,9.4333,2,normal,p01,2,0.9974,1,0.76,0.65,1.41
clase_2_20260921_193535.mp4,284,9.4667,2,normal,p01,2,0.999,1,0.77,0.65,1.42
clase_2_20260921_193535.mp4,285,9.5,2,normal,p01,2,0.9998,1,0.7,0.61,1.31
clase_2_20260921_193535.mp4,286,9.5333,2,normal,p01,2,0.9986,1,0.89,1.29,2.17
clase_2_20260921_193535.mp4,287,9.5667,2,normal,p01,2,0.9974,1,1.18,1.27,2.45
clase_2_20260921_193535.mp4,288,9.6,2,normal,p01,2,0.9992,1,0.98,1.04,2.02
clase_2_20260921_193535.mp4,289,9.6333,2,normal,p01,2,0.9991,1,0.93,0.77,1.7
clase_2_20260921_193535.mp4,290,9.6667,2,normal,p01,2,0.9936,1,0.71,0.65,1.35
clase_2_20260921_193535.mp4,291,9.7,2,normal,p01,2,0.9968,1,0.67,0.6,1.27
clase_2_20260921_193535.mp4,292,9.7333,2,normal,p01,2,0.9988,1,0.7,0.63,1.33
clase_2_20260921_193535.mp4,293,9.7667,2,normal,p01,2,0.9997,1,0.67,0.67,1.34
clase_2_20260921_193535.mp4,294,9.8,2,normal,p01,2,0.9999,1,0.72,0.85,1.57
clase_2_20260921_193535.mp4,295,9.8333,2,normal,p01,2,0.9999,1,1.01,1.28,2.28
clase_2_20260921_193535.mp4,296,9.8667,2,normal,p01,2,0.9999,1,0.86,1.32,2.18
clase_2_20260921_193535.mp4,297,9.9,2,normal,p01,2,0.9999,1,0.85,0.79,1.64
clase_2_20260921_193535.mp4,298,9.9333,2,normal,p01,2,0.9999,1,0.69,0.65,1.35
clase_2_20260921_193535.mp4,299,9.9667,2,normal,p01,2,1.0,1,0.73,1.27,2.0
clase_3_20260921_193558.mp4,0,0.0,3,normal,p01,2,0.9395,1,0.97,1.04,2.0
clase_3_20260921_193558.mp4,1,0.0333,3,normal,p01,2,0.9506,1,0.78,0.67,1.45
clase_3_20260921_193558.mp4,2,0.0667,3,normal,p01,2,0.9509,1,0.86,0.85,1.71
clase_3_20260921_193558.mp4,3,0.1,3,normal,p01,2,0.8425,1,1.01,1.66,2.67
clase_3_20260921_193558.mp4,4,0.1333,3,normal,p01,2,0.4996,1,1.22,1.37,2.59
clase_3_20260921_193558.mp4,5,0.1667,3,normal,p01,2,0.9731,1,1.09,0.99,2.08
clase_3_20260921_193558.mp4,6,0.2,3,normal,p01,3,0.5451,1,0.84,0.7,1.54
clase_3_20260921_193558.mp4,7,0.2333,3,normal,p01,2,0.7498,1,0.87,0.73,1.6
clase_3_20260921_193558.mp4,8,0.2667,3,normal,p01,2,0.9494,1,0.83,0.7,1.53
clase_3_20260921_193558.mp4,9,0.3,3,normal,p01,2,0.9628,1,0.86,1.12,1.99
clase_3_20260921_193558.mp4,10,0.3333,3,normal,p01,2,0.9585,1,1.51,1.18,2.7
clase_3_20260921_193558.mp4,11,0.3667,3,normal,p01,2,0.9517,1,1.03,1.06,2.08
clase_3_20260921_193558.mp4,12,0.4,3,normal,p01,2,0.9326,1,1.03,1.18,2.21
clase_3_20260921_193558.mp4,13,0.4333,3,normal,p01,2,0.9856,1,0.98,0.96,1.94
clase_3_20260921_193558.mp4,14,0.4667,3,normal,p01,2,0.9293,1,0.87,0.66,1.53
clase_3_20260921_193558.mp4,15,0.5,3,normal,p01,2,0.7233,1,0.77,0.66,1.43
clase_3_20260921_193558.mp4,16,0.5333,3,normal,p01,2,0.9289,1,0.85,1.35,2.2
clase_3_20260921_193558.mp4,17,0.5667,3,normal,p01,2,0.824,1,1.3,1.27,2.56
clase_3_20260921_193558.mp4,18,0.6,3,normal,p01,2,0.8667,1,1.03,1.18,2.21
clase_3_20260921_193558.mp4,19,0.6333,3,normal,p01,2,0.7701,1,0.96,0.96,1.91
clase_3_20260921_193558.mp4,20,0.6667,3,normal,p01,2,0.8634,1,1.03,0.86,1.89
clase_3_20260921_193558.mp4,21,0.7,3,normal,p01,2,0.9035,1,0.82,0.72,1.54
clase_3_20260921_193558.mp4,22,0.7333,3,normal,p01,2,0.7644,1,0.81,0.66,1.47
clase_3_20260921_193558.mp4,23,0.7667,3,normal,p01,2,0.9623,1,0.91,1.02,1.93
clase_3_20260921_193558.mp4,24,0.8,3,normal,p01,2,0.8594,1,1.47,1.78,3.25
clase_3_20260921_193558.mp4,25,0.8333,3,normal,p01,2,0.8533,1,1.19,1.25,2.43
clase_3_20260921_193558.mp4,26,0.8667,3,normal,p01,2,0.5225,1,1.05,0.9,1.96
clase_3_20260921_193558.mp4,27,0.9,3,normal,p01,2,0.5732,1,1.06,0.68,1.74
clase_3_20260921_193558.mp4,28,0.9333,3,normal,p01,2,0.6517,1,0.8,0.65,1.45
clase_3_20260921_193558.mp4,29,0.9667,3,normal,p01,2,0.9471,1,0.94,0.83,1.77
clase_3_20260921_193558.mp4,30,1.0,3,normal,p01,2,0.9164,1,1.12,1.36,2.48
clase_3_20260921_193558.mp4,31,1.0333,3,normal,p01,2,0.9046,1,1.18,0.99,2.17
clase_3_20260921_193558.mp4,32,1.0667,3,normal,p01,2,0.9218,1,1.05,1.16,2.21
clase_3_20260921_193558.mp4,33,1.1,3,normal,p01,2,0.9228,1,1.03,0.91,1.94
clase_3_20260921_193558.mp4,34,1.1333,3,normal,p01,2,0.8731,1,0.85,0.7,1.55
clase_3_20260921_193558.mp4,35,1.1667,3,normal,p01,2,0.8761,1,0.79,0.71,1.51
clase_3_20260921_193558.mp4,36,1.2,3,normal,p01,2,0.8735,1,0.75,0.68,1.43
clase_3_20260921_193558.mp4,37,1.2333,3,normal,p01,2,0.944,1,0.77,0.61,1.38
clase_3_20260921_193558.mp4,38,1.2667,3,normal,p01,2,0.9262,1,1.11,1.31,2.41
clase_3_20260921_193558.mp4,39,1.3,3,normal,p01,2,0.9692,1,1.13,1.11,2.24
clase_3_20260921_193558.mp4,40,1.3333,3,normal,p01,2,0.8531,1,0.93,0.92,1.85
clase_3_20260921_193558.mp4,41,1.3667,3,normal,p01,2,0.9346,1,0.78,0.71,1.49
clase_3_20260921_193558.mp4,42,1.4,3,normal,p01,2,0.9579,1,0.78,0.66,1.44
clase_3_20260921_193558.mp4,43,1.4333,3,normal,p01,2,0.9474,1,0.82,0.7,1.52
clase_3_20260921_193558.mp4,44,1.4667,3,normal,p01,2,0.9653,1,0.88,0.77,1.66
clase_3_20260921_193558.mp4,45,1.5,3,normal,p01,2,0.9448,1,0.75,0.68,1.43
clase_3_20260921_193558.mp4,46,1.5333,3,normal,p01,2,0.9387,1,0.99,1.41,2.39
clase_3_20260921_193558.mp4,47,1.5667,3,normal,p01,2,0.8772,1,1.11,1.34,2.44
clase_3_20260921_193558.mp4,48,1.6,3,normal,p01,2,0.8938,1,0.94,1.0,1.95
clase_3_20260921_193558.mp4,49,1.6333,3,normal,p01,2,0.748,1,0.86,0.71,1.57
clase_3_20260921_193558.mp4,50,1.6667,3,normal,p01,2,0.6016,1,0.78,0.68,1.46
clase_3_20260921_193558.mp4,51,1.7,3,normal,p01,2,0.5986,1,0.84,0.88,1.73
clase_3_20260921_193558.mp4,52,1.7333,3,normal,p01,2,0.6358,1,0.72,0.61,1.34
clase_3_20260921_193558.mp4,53,1.7667,3,normal,p01,2,0.6669,1,0.74,0.63,1.37
clase_3_20260921_193558.mp4,54,1.8,3,normal,p01,2,0.6757,1,0.98,1.33,2.31
clase_3_20260921_193558.mp4,55,1.8333,3,normal,p01,2,0.7113,1,1.09,1.28,2.37
clase_3_20260921_193558.mp4,56,1.8667,3,normal,p01,2,0.8223,1,0.95,0.91,1.86
clase_3_20260921_193558.mp4,57,1.9,3,normal,p01,2,0.7266,1,0.84,0.72,1.56
clase_3_20260921_193558.mp4,58,1.9333,3,normal,p01,2,0.8161,1,0.83,0.67,1.5
clase_3_20260921_193558.mp4,59,1.9667,3,normal,p01,2,0.8391,1,0.75,0.63,1.38
clase_3_20260921_193558.mp4,60,2.0,3,normal,p01,2,0.8553,1,0.8,0.69,1.49
clase_3_20260921_193558.mp4,61,2.0333,3,normal,p01,2,0.8699,1,0.76,0.67,1.43
clase_3_20260921_193558.mp4,62,2.0667,3,normal,p01,2,0.9515,1,1.05,1.47,2.52
clase_3_20260921_193558.mp4,63,2.1,3,normal,p01,2,0.9308,1,1.11,1.24,2.35
clase_3_20260921_193558.mp4,64,2.1333,3,normal,p01,2,0.7367,1,0.98,0.84,1.81
clase_3_20260921_193558.mp4,65,2.1667,3,normal,p01,2,0.7246,1,0.8,0.82,1.62
clase_3_20260921_193558.mp4,66,2.2,3,normal,p01,2,0.7494,1,0.8,0.69,1.49
clase_3_20260921_193558.mp4,67,2.2333,3,normal,p01,4,0.5294,1,0.73,0.65,1.39
clase_3_20260921_193558.mp4,68,2.2667,3,normal,p01,2,0.4191,1,0.77,0.66,1.43
clase_3_20260921_193558.mp4,69,2.3,3,normal,p01,3,0.6895,1,0.76,0.64,1.4
clase_3_20260921_193558.mp4,70,2.3333,3,normal,p01,3,0.7009,1,0.94,1.46,2.4
clase_3_20260921_193558.mp4,71,2.3667,3,normal,p01,2,0.515,1,1.21,1.18,2.38
clase_3_20260921_193558.mp4,72,2.4,3,normal,p01,2,0.5012,1,0.98,1.13,2.11
clase_3_20260921_193558.mp4,73,2.4333,3,normal,p01,3,0.7888,1,0.82,0.72,1.54
clase_3_20260921_193558.mp4,74,2.4667,3,normal,p01,3,0.7055,1,0.82,0.65,1.47
clase_3_20260921_193558.mp4,75,2.5,3,normal,p01,3,0.5484,1,0.67,0.65,1.32
clase_3_20260921_193558.mp4,76,2.5333,3,normal,p01,2,0.5382,1,0.76,0.69,1.45
clase_3_20260921_193558.mp4,77,2.5667,3,normal,p01,2,0.5907,1,0.7,0.73,1.43
clase_3_20260921_193558.mp4,78,2.6,3,normal,p01,3,0.5205,1,1.18,1.82,3.0
clase_3_20260921_193558.mp4,79,2.6333,3,normal,p01,3,0.7382,1,0.9,1.13,2.03
clase_3_20260921_193558.mp4,80,2.6667,3,normal,p01,3,0.7553,1,0.96,1.0,1.97
clase_3_20260921_193558.mp4,81,2.7,3,normal,p01,3,0.9566,1,0.79,0.82,1.62
clase_3_20260921_193558.mp4,82,2.7333,3,normal,p01,3,0.98,1,0.73,0.74,1.47
clase_3_20260921_193558.mp4,83,2.7667,3,normal,p01,3,0.9852,1,0.72,0.66,1.38
clase_3_20260921_193558.mp4,84,2.8,3,normal,p01,3,0.9815,1,0.69,0.75,1.45
clase_3_20260921_193558.mp4,85,2.8333,3,normal,p01,3,0.993,1,0.66,0.64,1.3
clase_3_20260921_193558.mp4,86,2.8667,3,normal,p01,3,0.986,1,1.01,1.28,2.29
clase_3_20260921_193558.mp4,87,2.9,3,normal,p01,3,0.9955,1,1.02,1.22,2.24
clase_3_20260921_193558.mp4,88,2.9333,3,normal,p01,3,0.9891,1,0.98,0.89,1.86
clase_3_20260921_193558.mp4,89,2.9667,3,normal,p01,3,0.937,1,0.74,0.68,1.42
clase_3_20260921_193558.mp4,90,3.0,3,normal,p01,3,0.8756,1,0.78,0.63,1.41
clase_3_20260921_193558.mp4,91,3.0333,3,normal,p01,3,0.9776,1,0.74,0.65,1.4
clase_3_20260921_193558.mp4,92,3.0667,3,normal,p01,3,0.9706,1,0.72,0.71,1.44
clase_3_20260921_193558.mp4,93,3.1,3,normal,p01,3,0.9533,1,0.71,0.86,1.56
clase_3_20260921_193558.mp4,94,3.1333,3,normal,p01,3,0.9721,1,0.85,1.13,1.97
clase_3_20260921_193558.mp4,95,3.1667,3,normal,p01,3,0.9491,1,1.23,1.19,2.41
clase_3_20260921_193558.mp4,96,3.2,3,normal,p01,3,0.9568,1,1.17,1.18,2.35
clase_3_20260921_193558.mp4,97,3.2333,3,normal,p01,3,0.9845,1,0.86,0.84,1.7
clase_3_20260921_193558.mp4,98,3.2667,3,normal,p01,3,0.5315,1,1.01,1.19,2.2
clase_3_20260921_193558.mp4,99,3.3,3,normal,p01,3,0.7204,1,0.91,0.87,1.78
clase_3_20260921_193558.mp4,100,3.3333,3,normal,p01,3,0.9353,1,1.1,0.96,2.06
clase_3_20260921_193558.mp4,101,3.3667,3,normal,p01,4,0.6596,1,1.18,1.36,2.54
clase_3_20260921_193558.mp4,102,3.4,3,normal,p01,3,0.9112,1,1.15,1.41,2.55
clase_3_20260921_193558.mp4,103,3.4333,3,normal,p01,3,0.7044,1,0.95,0.89,1.84
clase_3_20260921_193558.mp4,104,3.4667,3,normal,p01,3,0.9504,1,0.81,0.7,1.51
clase_3_20260921_193558.mp4,105,3.5,3,normal,p01,3,0.9857,1,0.74,0.64,1.38
clase_3_20260921_193558.mp4,106,3.5333,3,normal,p01,3,0.9944,1,0.75,0.66,1.42
clase_3_20260921_193558.mp4,107,3.5667,3,normal,p01,3,0.9898,1,0.71,0.62,1.33
clase_3_20260921_193558.mp4,108,3.6,3,normal,p01,3,0.9843,1,0.77,0.64,1.41
clase_3_20260921_193558.mp4,109,3.6333,3,normal,p01,3,0.7217,1,1.23,2.04,3.28
clase_3_20260921_193558.mp4,110,3.6667,3,normal,p01,3,0.9847,1,1.05,1.23,2.28
clase_3_20260921_193558.mp4,111,3.7,3,normal,p01,3,0.9776,1,0.86,0.76,1.62
clase_3_20260921_193558.mp4,112,3.7333,3,normal,p01,3,0.926,1,0.84,0.67,1.51
clase_3_20260921_193558.mp4,113,3.7667,3,normal,p01,3,0.9155,1,0.75,0.63,1.37
clase_3_20260921_193558.mp4,114,3.8,3,normal,p01,3,0.9467,1,0.78,0.64,1.42
clase_3_20260921_193558.mp4,115,3.8333,3,normal,p01,3,0.924,1,0.81,0.71,1.52
clase_3_20260921_193558.mp4,116,3.8667,3,normal,p01,3,0.8903,1,0.84,0.73,1.57
clase_3_20260921_193558.mp4,117,3.9,3,normal,p01,3,0.8762,1,1.42,1.54,2.96
clase_3_20260921_193558.mp4,118,3.9333,3,normal,p01,3,0.9272,1,1.21,1.25,2.47
clase_3_20260921_193558.mp4,119,3.9667,3,normal,p01,3,0.9271,1,0.97,0.85,1.81
clase_3_20260921_193558.mp4,120,4.0,3,normal,p01,3,0.9503,1,0.84,1.2,2.04
clase_3_20260921_193558.mp4,121,4.0333,3,normal,p01,3,0.9824,1,0.76,0.68,1.44
clase_3_20260921_193558.mp4,122,4.0667,3,normal,p01,3,0.9841,1,0.79,0.7,1.49
clase_3_20260921_193558.mp4,123,4.1,3,normal,p01,3,0.9834,1,0.78,0.69,1.47
clase_3_20260921_193558.mp4,124,4.1333,3,normal,p01,3,0.9435,1,0.94,1.24,2.18
clase_3_20260921_193558.mp4,125,4.1667,3,normal,p01,3,0.9443,1,1.06,1.1,2.16
clase_3_20260921_193558.mp4,126,4.2,3,normal,p01,3,0.9043,1,1.09,1.03,2.12
clase_3_20260921_193558.mp4,127,4.2333,3,normal,p01,3,0.8238,1,0.91,0.7,1.61
clase_3_20260921_193558.mp4,128,4.2667,3,normal,p01,2,0.5613,1,0.84,0.65,1.48
clase_3_20260921_193558.mp4,129,4.3,3,normal,p01,2,0.638,1,0.79,0.73,1.51
clase_3_20260921_193558.mp4,130,4.3333,3,normal,p01,2,0.5131,1,0.78,0.72,1.5
clase_3_20260921_193558.mp4,131,4.3667,3,normal,p01,2,0.7691,1,0.81,0.78,1.59
clase_3_20260921_193558.mp4,132,4.4,3,normal,p01,2,0.818,1,0.9,1.26,2.16
clase_3_20260921_193558.mp4,133,4.4333,3,normal,p01,2,0.8171,1,1.09,1.24,2.34
clase_3_20260921_193558.mp4,134,4.4667,3,normal,p01,2,0.7798,1,1.03,1.12,2.15
clase_3_20260921_193558.mp4,135,4.5,3,normal,p01,2,0.892,1,1.06,0.8,1.86
clase_3_20260921_193558.mp4,136,4.5333,3,normal,p01,2,0.8886,1,0.83,0.69,1.51
clase_3_20260921_193558.mp4,137,4.5667,3,normal,p01,2,0.865,1,0.83,0.64,1.47
clase_3_20260921_193558.mp4,138,4.6,3,normal,p01,2,0.8098,1,0.76,0.65,1.41
clase_3_20260921_193558.mp4,139,4.6333,3,normal,p01,2,0.6279,1,0.8,0.66,1.46
clase_3_20260921_193558.mp4,140,4.6667,3,normal,p01,2,0.6682,1,0.96,1.45,2.41
clase_3_20260921_193558.mp4,141,4.7,3,normal,p01,3,0.6567,1,1.15,1.41,2.56
clase_3_20260921_193558.mp4,142,4.7333,3,normal,p01,3,0.6553,1,0.99,0.99,1.98
clase_3_20260921_193558.mp4,143,4.7667,3,normal,p01,3,0.9173,1,0.8,0.71,1.5
clase_3_20260921_193558.mp4,144,4.8,3,normal,p01,3,0.8475,1,0.87,0.73,1.6
clase_3_20260921_193558.mp4,145,4.8333,3,normal,p01,3,0.9254,1,0.74,0.71,1.45
clase_3_20260921_193558.mp4,146,4.8667,3,normal,p01,3,0.9227,1,0.84,0.76,1.6
clase_3_20260921_193558.mp4,147,4.9,3,normal,p01,3,0.9603,1,0.83,0.87,1.69
clase_3_20260921_193558.mp4,148,4.9333,3,normal,p01,3,0.8824,1,1.33,1.73,3.06
clase_3_20260921_193558.mp4,149,4.9667,3,normal,p01,3,0.9082,1,1.1,1.24,2.34
clase_3_20260921_193558.mp4,150,5.0,3,normal,p01,3,0.82,1,0.98,0.89,1.87
clase_3_20260921_193558.mp4,151,5.0333,3,normal,p01,3,0.8955,1,0.81,0.71,1.52
clase_3_20260921_193558.mp4,152,5.0667,3,normal,p01,3,0.9084,1,0.76,0.71,1.47
clase_3_20260921_193558.mp4,153,5.1,3,normal,p01,3,0.9372,1,0.68,0.63,1.32
clase_3_20260921_193558.mp4,154,5.1333,3,normal,p01,3,0.9555,1,0.75,0.62,1.37
clase_3_20260921_193558.mp4,155,5.1667,3,normal,p01,3,0.8815,1,0.78,0.86,1.64
clase_3_20260921_193558.mp4,156,5.2,3,normal,p01,3,0.945,1,1.24,1.36,2.6
clase_3_20260921_193558.mp4,157,5.2333,3,normal,p01,3,0.9431,1,0.87,1.05,1.92
clase_3_20260921_193558.mp4,158,5.2667,3,normal,p01,3,0.9129,1,0.95,0.87,1.82
clase_3_20260921_193558.mp4,159,5.3,3,normal,p01,3,0.9632,1,0.89,1.02,1.9
clase_3_20260921_193558.mp4,160,5.3333,3,normal,p01,3,0.9675,1,0.78,0.97,1.75
clase_3_20260921_193558.mp4,161,5.3667,3,normal,p01,3,0.9897,1,0.81,0.66,1.47
clase_3_20260921_193558.mp4,162,5.4,3,normal,p01,3,0.9789,1,0.8,0.66,1.46
clase_3_20260921_193558.mp4,163,5.4333,3,normal,p01,3,0.9827,1,1.21,2.12,3.33
clase_3_20260921_193558.mp4,164,5.4667,3,normal,p01,3,0.9821,1,1.19,1.3,2.5
clase_3_20260921_193558.mp4,165,5.5,3,normal,p01,3,0.9864,1,1.13,1.0,2.13
clase_3_20260921_193558.mp4,166,5.5333,3,normal,p01,3,0.9738,1,0.82,0.64,1.45
clase_3_20260921_193558.mp4,167,5.5667,3,normal,p01,3,0.9891,1,0.76,0.67,1.43
clase_3_20260921_193558.mp4,168,5.6,3,normal,p01,3,0.9626,1,0.78,0.67,1.45
clase_3_20260921_193558.mp4,169,5.6333,3,normal,p01,3,0.9795,1,0.75,0.69,1.44
clase_3_20260921_193558.mp4,170,5.6667,3,normal,p01,3,0.9906,1,0.83,0.84,1.67
clase_3_20260921_193558.mp4,171,5.7,3,normal,p01,3,0.9946,1,1.02,1.24,2.27
clase_3_20260921_193558.mp4,172,5.7333,3,normal,p01,3,0.9903,1,1.01,1.18,2.19
clase_3_20260921_193558.mp4,173,5.7667,3,normal,p01,3,0.9894,1,0.83,0.82,1.64
clase_3_20260921_193558.mp4,174,5.8,3,normal,p01,3,0.9785,1,0.75,0.77,1.52
clase_3_20260921_193558.mp4,175,5.8333,3,normal,p01,3,0.9755,1,0.75,0.75,1.5
clase_3_20260921_193558.mp4,176,5.8667,3,normal,p01,3,0.9741,1,0.76,0.73,1.5
clase_3_20260921_193558.mp4,177,5.9,3,normal,p01,3,0.9842,1,0.76,0.71,1.48
clase_3_20260921_193558.mp4,178,5.9333,3,normal,p01,3,0.9782,1,0.77,0.77,1.53
clase_3_20260921_193558.mp4,179,5.9667,3,normal,p01,3,0.9648,1,0.98,1.28,2.26
clase_3_20260921_193558.mp4,180,6.0,3,normal,p01,3,0.9594,1,1.13,1.23,2.36
clase_3_20260921_193558.mp4,181,6.0333,3,normal,p01,3,0.9642,1,0.87,0.88,1.75
clase_3_20260921_193558.mp4,182,6.0667,3,normal,p01,3,0.9614,1,0.85,0.76,1.61
clase_3_20260921_193558.mp4,183,6.1,3,normal,p01,3,0.9674,1,0.75,0.7,1.45
clase_3_20260921_193558.mp4,184,6.1333,3,normal,p01,3,0.9504,1,0.75,0.65,1.4
clase_3_20260921_193558.mp4,185,6.1667,3,normal,p01,3,0.9628,1,0.75,0.7,1.45
clase_3_20260921_193558.mp4,186,6.2,3,normal,p01,3,0.9513,1,0.76,0.64,1.4
clase_3_20260921_193558.mp4,187,6.2333,3,normal,p01,3,0.9514,1,0.93,1.61,2.54
clase_3_20260921_193558.mp4,188,6.2667,3,normal,p01,3,0.9341,1,1.28,1.2,2.48
clase_3_20260921_193558.mp4,189,6.3,3,normal,p01,3,0.9544,1,0.94,0.92,1.86
clase_3_20260921_193558.mp4,190,6.3333,3,normal,p01,3,0.8852,1,0.81,0.7,1.51
clase_3_20260921_193558.mp4,191,6.3667,3,normal,p01,3,0.9513,1,0.76,0.64,1.39
clase_3_20260921_193558.mp4,192,6.4,3,normal,p01,3,0.9712,1,0.78,0.62,1.4
clase_3_20260921_193558.mp4,193,6.4333,3,normal,p01,3,0.894,1,0.72,0.62,1.34
clase_3_20260921_193558.mp4,194,6.4667,3,normal,p01,3,0.8986,1,0.79,0.83,1.63
clase_3_20260921_193558.mp4,195,6.5,3,normal,p01,3,0.963,1,0.99,1.25,2.24
clase_3_20260921_193558.mp4,196,6.5333,3,normal,p01,3,0.9654,1,1.11,1.06,2.17
clase_3_20260921_193558.mp4,197,6.5667,3,normal,p01,3,0.9433,1,0.95,1.1,2.06
clase_3_20260921_193558.mp4,198,6.6,3,normal,p01,3,0.5707,1,0.87,0.68,1.55
clase_3_20260921_193558.mp4,199,6.6333,3,normal,p01,3,0.917,1,0.84,0.65,1.48
clase_3_20260921_193558.mp4,200,6.6667,3,normal,p01,3,0.6376,1,0.81,0.66,1.47
clase_3_20260921_193558.mp4,201,6.7,3,normal,p01,3,0.8915,1,0.77,0.62,1.39
clase_3_20260921_193558.mp4,202,6.7333,3,normal,p01,3,0.7074,1,0.78,0.6,1.38
clase_3_20260921_193558.mp4,203,6.7667,3,normal,p01,3,0.8458,1,0.89,1.01,1.9
clase_3_20260921_193558.mp4,204,6.8,3,normal,p01,3,0.7679,1,1.1,1.32,2.41
clase_3_20260921_193558.mp4,205,6.8333,3,normal,p01,3,0.8349,1,1.05,1.07,2.12
clase_3_20260921_193558.mp4,206,6.8667,3,normal,p01,3,0.7704,1,0.86,0.76,1.62
clase_3_20260921_193558.mp4,207,6.9,3,normal,p01,3,0.7771,1,0.83,0.64,1.47
clase_3_20260921_193558.mp4,208,6.9333,3,normal,p01,3,0.8179,1,0.81,0.63,1.44
clase_3_20260921_193558.mp4,209,6.9667,3,normal,p01,3,0.8031,1,0.8,0.63,1.44
clase_3_20260921_193558.mp4,210,7.0,3,normal,p01,3,0.8416,1,0.77,0.61,1.39
clase_3_20260921_193558.mp4,211,7.0333,3,normal,p01,3,0.8395,1,0.76,0.77,1.52
clase_3_20260921_193558.mp4,212,7.0667,3,normal,p01,3,0.7769,1,1.16,1.43,2.59
clase_3_20260921_193558.mp4,213,7.1,3,normal,p01,3,0.9018,1,1.19,1.15,2.34
clase_3_20260921_193558.mp4,214,7.1333,3,normal,p01,3,0.7566,1,0.88,0.8,1.68
clase_3_20260921_193558.mp4,215,7.1667,3,normal,p01,3,0.8906,1,0.85,0.81,1.66
clase_3_20260921_193558.mp4,216,7.2,3,normal,p01,3,0.9098,1,0.75,0.7,1.44
clase_3_20260921_193558.mp4,217,7.2333,3,normal,p01,3,0.9286,1,0.82,0.69,1.51
clase_3_20260921_193558.mp4,218,7.2667,3,normal,p01,3,0.9244,1,0.79,0.71,1.5
clase_3_20260921_193558.mp4,219,7.3,3,normal,p01,3,0.9455,1,0.79,1.05,1.83
clase_3_20260921_193558.mp4,220,7.3333,3,normal,p01,3,0.9458,1,1.08,1.31,2.38
clase_3_20260921_193558.mp4,221,7.3667,3,normal,p01,3,0.9713,1,1.07,1.12,2.19
clase_3_20260921_193558.mp4,222,7.4,3,normal,p01,3,0.9477,1,0.83,0.76,1.6
clase_3_20260921_193558.mp4,223,7.4333,3,normal,p01,3,0.9799,1,0.74,0.7,1.44
clase_3_20260921_193558.mp4,224,7.4667,3,normal,p01,3,0.9891,1,0.76,0.66,1.43
clase_3_20260921_193558.mp4,225,7.5,3,normal,p01,3,0.9921,1,0.76,0.7,1.46
clase_3_20260921_193558.mp4,226,7.5333,3,normal,p01,3,0.9961,1,0.76,0.68,1.44
clase_3_20260921_193558.mp4,227,7.5667,3,normal,p01,3,0.9938,1,0.77,0.7,1.46
clase_3_20260921_193558.mp4,228,7.6,3,normal,p01,3,0.9838,1,1.21,1.41,2.61
clase_3_20260921_193558.mp4,229,7.6333,3,normal,p01,3,0.9863,1,1.08,1.15,2.23
clase_3_20260921_193558.mp4,230,7.6667,3,normal,p01,3,0.9649,1,0.91,0.85,1.76
clase_3_20260921_193558.mp4,231,7.7,3,normal,p01,3,0.9661,1,0.89,0.7,1.58
clase_3_20260921_193558.mp4,232,7.7333,3,normal,p01,3,0.9506,1,0.74,0.65,1.39
clase_3_20260921_193558.mp4,233,7.7667,3,normal,p01,3,0.9712,1,0.75,1.2,1.95
clase_3_20260921_193558.mp4,234,7.8,3,normal,p01,3,0.9587,1,0.75,0.65,1.4
clase_3_20260921_193558.mp4,235,7.8333,3,normal,p01,3,0.9889,1,0.88,1.29,2.17
clase_3_20260921_193558.mp4,236,7.8667,3,normal,p01,3,0.9864,1,1.08,1.3,2.38
clase_3_20260921_193558.mp4,237,7.9,3,normal,p01,3,0.99,1,0.93,1.08,2.02
clase_3_20260921_193558.mp4,238,7.9333,3,normal,p01,3,0.9889,1,0.89,0.77,1.66
clase_3_20260921_193558.mp4,239,7.9667,3,normal,p01,3,0.9948,1,0.81,0.67,1.48
clase_3_20260921_193558.mp4,240,8.0,3,normal,p01,3,0.9768,1,0.73,0.63,1.36
clase_3_20260921_193558.mp4,241,8.0333,3,normal,p01,3,0.9865,1,0.71,0.7,1.41
clase_3_20260921_193558.mp4,242,8.0667,3,normal,p01,3,0.9919,1,0.72,0.69,1.41
clase_3_20260921_193558.mp4,243,8.1,3,normal,p01,3,0.9872,1,0.69,0.72,1.41
clase_3_20260921_193558.mp4,244,8.1333,3,normal,p01,3,0.9843,1,1.08,1.21,2.3
clase_3_20260921_193558.mp4,245,8.1667,3,normal,p01,3,0.9734,1,0.93,1.16,2.1
clase_3_20260921_193558.mp4,246,8.2,3,normal,p01,3,0.9421,1,0.87,0.87,1.73
clase_3_20260921_193558.mp4,247,8.2333,3,normal,p01,3,0.9712,1,0.74,0.74,1.49
clase_3_20260921_193558.mp4,248,8.2667,3,normal,p01,3,0.9851,1,0.76,0.7,1.45
clase_3_20260921_193558.mp4,249,8.3,3,normal,p01,3,0.9804,1,0.72,0.69,1.42
clase_3_20260921_193558.mp4,250,8.3333,3,normal,p01,3,0.9682,1,0.82,0.68,1.51
clase_3_20260921_193558.mp4,251,8.3667,3,normal,p01,3,0.9679,1,0.74,0.65,1.39
clase_3_20260921_193558.mp4,252,8.4,3,normal,p01,3,0.9852,1,1.02,1.28,2.3
clase_3_20260921_193558.mp4,253,8.4333,3,normal,p01,3,0.9847,1,1.04,1.02,2.07
clase_3_20260921_193558.mp4,254,8.4667,3,normal,p01,3,0.9711,1,0.96,0.96,1.92
clase_3_20260921_193558.mp4,255,8.5,3,normal,p01,3,0.9303,1,1.11,0.79,1.9
clase_3_20260921_193558.mp4,256,8.5333,3,normal,p01,3,0.899,1,0.78,0.64,1.42
clase_3_20260921_193558.mp4,257,8.5667,3,normal,p01,3,0.8032,1,0.75,0.68,1.43
clase_3_20260921_193558.mp4,258,8.6,3,normal,p01,3,0.759,1,0.8,0.66,1.45
clase_3_20260921_193558.mp4,259,8.6333,3,normal,p01,3,0.6599,1,0.73,0.66,1.39
clase_3_20260921_193558.mp4,260,8.6667,3,normal,p01,3,0.4539,1,0.97,1.27,2.24
clase_3_20260921_193558.mp4,261,8.7,3,normal,p01,2,0.4852,1,0.97,1.06,2.02
clase_3_20260921_193558.mp4,262,8.7333,3,normal,p01,2,0.8844,1,1.02,1.09,2.11
clase_3_20260921_193558.mp4,263,8.7667,3,normal,p01,2,0.8969,1,0.93,0.74,1.67
clase_3_20260921_193558.mp4,264,8.8,3,normal,p01,2,0.95,1,0.81,0.76,1.57
clase_3_20260921_193558.mp4,265,8.8333,3,normal,p01,2,0.933,1,0.75,0.76,1.51
clase_3_20260921_193558.mp4,266,8.8667,3,normal,p01,2,0.9725,1,0.75,0.85,1.59
clase_3_20260921_193558.mp4,267,8.9,3,normal,p01,2,0.9557,1,0.73,0.67,1.4
clase_3_20260921_193558.mp4,268,8.9333,3,normal,p01,2,0.9338,1,1.05,1.15,2.2
clase_3_20260921_193558.mp4,269,8.9667,3,normal,p01,2,0.9278,1,1.01,1.17,2.18
clase_3_20260921_193558.mp4,270,9.0,3,normal,p01,2,0.9474,1,0.97,0.9,1.87
clase_3_20260921_193558.mp4,271,9.0333,3,normal,p01,2,0.8984,1,1.06,0.72,1.77
clase_3_20260921_193558.mp4,272,9.0667,3,normal,p01,2,0.8682,1,0.77,0.65,1.42
clase_3_20260921_193558.mp4,273,9.1,3,normal,p01,2,0.8405,1,0.76,0.68,1.44
clase_3_20260921_193558.mp4,274,9.1333,3,normal,p01,2,0.8798,1,0.78,0.66,1.44
clase_3_20260921_193558.mp4,275,9.1667,3,normal,p01,2,0.8432,1,0.78,0.71,1.49
clase_3_20260921_193558.mp4,276,9.2,3,normal,p01,2,0.8115,1,1.12,1.2,2.32
clase_3_20260921_193558.mp4,277,9.2333,3,normal,p01,4,0.4712,1,1.04,1.24,2.28
clase_3_20260921_193558.mp4,278,9.2667,3,normal,p01,2,0.4614,1,0.89,0.9,1.79
clase_3_20260921_193558.mp4,279,9.3,3,normal,p01,2,0.5658,1,0.81,0.74,1.55
clase_3_20260921_193558.mp4,280,9.3333,3,normal,p01,4,0.7924,1,0.79,0.85,1.64
clase_3_20260921_193558.mp4,281,9.3667,3,normal,p01,2,0.465,1,0.9,0.7,1.6
clase_3_20260921_193558.mp4,282,9.4,3,normal,p01,2,0.5986,1,0.78,0.66,1.44
clase_3_20260921_193558.mp4,283,9.4333,3,normal,p01,2,0.4232,1,0.78,0.69,1.47
clase_3_20260921_193558.mp4,284,9.4667,3,normal,p01,2,0.6002,1,0.95,1.27,2.23
clase_3_20260921_193558.mp4,285,9.5,3,normal,p01,3,0.4195,1,1.07,0.96,2.03
clase_3_20260921_193558.mp4,286,9.5333,3,normal,p01,2,0.5054,1,0.96,1.02,1.97
clase_3_20260921_193558.mp4,287,9.5667,3,normal,p01,2,0.69,1,0.76,0.66,1.42
clase_3_20260921_193558.mp4,288,9.6,3,normal,p01,2,0.5495,1,0.8,0.65,1.45
clase_3_20260921_193558.mp4,289,9.6333,3,normal,p01,4,0.5089,1,0.71,0.69,1.4
clase_3_20260921_193558.mp4,290,9.6667,3,normal,p01,4,0.4947,1,0.78,0.64,1.42
clase_3_20260921_193558.mp4,291,9.7,3,normal,p01,3,0.6024,1,0.7,0.6,1.3
clase_3_20260921_193558.mp4,292,9.7333,3,normal,p01,3,0.7641,1,0.7,0.65,1.35
clase_3_20260921_193558.mp4,293,9.7667,3,normal,p01,3,0.9547,1,0.87,0.89,1.76
clase_3_20260921_193558.mp4,294,9.8,3,normal,p01,3,0.8667,1,0.93,1.03,1.96
clase_3_20260921_193558.mp4,295,9.8333,3,normal,p01,3,0.9962,1,0.87,1.08,1.95
clase_3_20260921_193558.mp4,296,9.8667,3,normal,p01,3,0.9981,1,0.93,0.96,1.89
clase_3_20260921_193558.mp4,297,9.9,3,normal,p01,3,0.997,1,0.82,0.8,1.62
clase_3_20260921_193558.mp4,298,9.9333,3,normal,p01,3,0.9946,1,0.76,0.65,1.41
clase_3_20260921_193558.mp4,299,9.9667,3,normal,p01,3,0.9934,1,0.73,0.65,1.38
clase_4_20260921_193623.mp4,0,0.0,4,normal,p01,4,0.999,1,1.06,1.09,2.15
clase_4_20260921_193623.mp4,1,0.0333,4,normal,p01,4,0.9982,1,1.22,1.26,2.49
clase_4_20260921_193623.mp4,2,0.0667,4,normal,p01,4,0.9982,1,1.03,1.16,2.19
clase_4_20260921_193623.mp4,3,0.1,4,normal,p01,4,0.9994,1,1.08,1.08,2.16
clase_4_20260921_193623.mp4,4,0.1333,4,normal,p01,4,0.999,1,0.97,0.91,1.88
clase_4_20260921_193623.mp4,5,0.1667,4,normal,p01,4,0.9983,1,0.85,0.72,1.57
clase_4_20260921_193623.mp4,6,0.2,4,normal,p01,4,0.9962,1,0.88,0.72,1.61
clase_4_20260921_193623.mp4,7,0.2333,4,normal,p01,4,0.997,1,0.77,0.65,1.42
clase_4_20260921_193623.mp4,8,0.2667,4,normal,p01,4,0.9977,1,0.78,1.03,1.81
clase_4_20260921_193623.mp4,9,0.3,4,normal,p01,4,0.9988,1,1.08,1.64,2.71
clase_4_20260921_193623.mp4,10,0.3333,4,normal,p01,4,0.9987,1,0.98,1.21,2.19
clase_4_20260921_193623.mp4,11,0.3667,4,normal,p01,4,0.9979,1,1.05,1.07,2.12
clase_4_20260921_193623.mp4,12,0.4,4,normal,p01,4,0.9973,1,1.03,0.93,1.96
clase_4_20260921_193623.mp4,13,0.4333,4,normal,p01,4,0.997,1,0.78,0.68,1.46
clase_4_20260921_193623.mp4,14,0.4667,4,normal,p01,4,0.9974,1,0.76,0.63,1.38
clase_4_20260921_193623.mp4,15,0.5,4,normal,p01,4,0.995,1,0.71,1.04,1.75
clase_4_20260921_193623.mp4,16,0.5333,4,normal,p01,4,0.9945,1,1.15,1.46,2.61
clase_4_20260921_193623.mp4,17,0.5667,4,normal,p01,4,0.9945,1,1.17,1.01,2.18
clase_4_20260921_193623.mp4,18,0.6,4,normal,p01,4,0.9832,1,0.93,1.06,1.99
clase_4_20260921_193623.mp4,19,0.6333,4,normal,p01,4,0.9946,1,0.94,0.85,1.79
clase_4_20260921_193623.mp4,20,0.6667,4,normal,p01,4,0.9953,1,0.87,0.71,1.57
clase_4_20260921_193623.mp4,21,0.7,4,normal,p01,4,0.9947,1,0.87,0.61,1.48
clase_4_20260921_193623.mp4,22,0.7333,4,normal,p01,4,0.9966,1,0.75,0.69,1.44
clase_4_20260921_193623.mp4,23,0.7667,4,normal,p01,4,0.9913,1,1.17,1.6,2.77
clase_4_20260921_193623.mp4,24,0.8,4,normal,p01,4,0.9909,1,1.54,1.32,2.86
clase_4_20260921_193623.mp4,25,0.8333,4,normal,p01,4,0.9917,1,1.05,0.9,1.95
clase_4_20260921_193623.mp4,26,0.8667,4,normal,p01,4,0.9961,1,0.83,0.71,1.54
clase_4_20260921_193623.mp4,27,0.9,4,normal,p01,4,0.9852,1,0.8,0.64,1.44
clase_4_20260921_193623.mp4,28,0.9333,4,normal,p01,4,0.9814,1,0.86,0.64,1.5
clase_4_20260921_193623.mp4,29,0.9667,4,normal,p01,4,0.9947,1,0.76,0.67,1.44
clase_4_20260921_193623.mp4,30,1.0,4,normal,p01,4,0.9972,1,0.91,1.51,2.42
clase_4_20260921_193623.mp4,31,1.0333,4,normal,p01,4,0.9864,1,1.19,1.08,2.27
clase_4_20260921_193623.mp4,32,1.0667,4,normal,p01,4,0.9952,1,0.99,1.12,2.11
clase_4_20260921_193623.mp4,33,1.1,4,normal,p01,4,0.9849,1,0.87,0.84,1.71
clase_4_20260921_193623.mp4,34,1.1333,4,normal,p01,4,0.9883,1,0.83,0.7,1.53
clase_4_20260921_193623.mp4,35,1.1667,4,normal,p01,4,0.9913,1,0.76,0.67,1.43
clase_4_20260921_193623.mp4,36,1.2,4,normal,p01,4,0.9903,1,0.74,0.69,1.43
clase_4_20260921_193623.mp4,37,1.2333,4,normal,p01,4,0.991,1,0.74,0.65,1.39
clase_4_20260921_193623.mp4,38,1.2667,4,normal,p01,4,0.9949,1,1.18,1.83,3.0
clase_4_20260921_193623.mp4,39,1.3,4,normal,p01,4,0.9888,1,1.18,1.43,2.6
clase_4_20260921_193623.mp4,40,1.3333,4,normal,p01,4,0.9931,1,1.08,1.35,2.43
clase_4_20260921_193623.mp4,41,1.3667,4,normal,p01,4,0.9968,1,0.85,0.72,1.56
clase_4_20260921_193623.mp4,42,1.4,4,normal,p01,4,0.9666,1,0.81,0.73,1.54
clase_4_20260921_193623.mp4,43,1.4333,4,normal,p01,4,0.9443,1,0.82,0.71,1.52
clase_4_20260921_193623.mp4,44,1.4667,4,normal,p01,4,0.9771,1,0.81,0.66,1.47
clase_4_20260921_193623.mp4,45,1.5,4,normal,p01,4,0.8564,1,1.14,1.45,2.59
clase_4_20260921_193623.mp4,46,1.5333,4,normal,p01,4,0.9301,1,1.47,1.64,3.11
clase_4_20260921_193623.mp4,47,1.5667,4,normal,p01,4,0.9481,1,1.02,1.05,2.07
clase_4_20260921_193623.mp4,48,1.6,4,normal,p01,4,0.9544,1,0.96,0.77,1.74
clase_4_20260921_193623.mp4,49,1.6333,4,normal,p01,4,0.935,1,0.84,0.78,1.62
clase_4_20260921_193623.mp4,50,1.6667,4,normal,p01,4,0.9739,1,0.85,0.98,1.82
clase_4_20260921_193623.mp4,51,1.7,4,normal,p01,4,0.9712,1,0.88,1.11,1.99
clase_4_20260921_193623.mp4,52,1.7333,4,normal,p01,4,0.9305,1,1.38,1.79,3.17
clase_4_20260921_193623.mp4,53,1.7667,4,normal,p01,4,0.9571,1,1.09,1.25,2.34
clase_4_20260921_193623.mp4,54,1.8,4,normal,p01,4,0.9228,1,1.09,0.99,2.08
clase_4_20260921_193623.mp4,55,1.8333,4,normal,p01,4,0.9123,1,0.86,1.36,2.22
clase_4_20260921_193623.mp4,56,1.8667,4,normal,p01,4,0.9361,1,1.04,0.99,2.03
clase_4_20260921_193623.mp4,57,1.9,4,normal,p01,4,0.9433,1,1.09,2.03,3.12
clase_4_20260921_193623.mp4,58,1.9333,4,normal,p01,4,0.8553,1,1.21,1.57,2.78
clase_4_20260921_193623.mp4,59,1.9667,4,normal,p01,4,0.8459,1,1.17,1.17,2.33
clase_4_20260921_193623.mp4,60,2.0,4,normal,p01,4,0.9881,1,0.8,0.83,1.63
clase_4_20260921_193623.mp4,61,2.0333,4,normal,p01,4,0.9863,1,0.8,0.76,1.56
clase_4_20260921_193623.mp4,62,2.0667,4,normal,p01,4,0.9848,1,0.87,0.77,1.64
clase_4_20260921_193623.mp4,63,2.1,4,normal,p01,4,0.9733,1,0.81,0.69,1.51
clase_4_20260921_193623.mp4,64,2.1333,4,normal,p01,4,0.8819,1,0.85,1.09,1.94
clase_4_20260921_193623.mp4,65,2.1667,4,normal,p01,4,0.7455,1,1.22,1.63,2.86
clase_4_20260921_193623.mp4,66,2.2,4,normal,p01,4,0.6116,1,1.33,1.39,2.72
clase_4_20260921_193623.mp4,67,2.2333,4,normal,p01,4,0.5777,1,0.91,0.78,1.7
clase_4_20260921_193623.mp4,68,2.2667,4,normal,p01,4,0.6104,1,0.86,0.84,1.7
clase_4_20260921_193623.mp4,69,2.3,4,normal,p01,4,0.8442,1,0.85,0.7,1.55
clase_4_20260921_193623.mp4,70,2.3333,4,normal,p01,4,0.8535,1,0.78,0.67,1.44
clase_4_20260921_193623.mp4,71,2.3667,4,normal,p01,4,0.9503,1,0.91,1.31,2.22
clase_4_20260921_193623.mp4,72,2.4,4,normal,p01,4,0.9678,1,1.18,1.5,2.68
clase_4_20260921_193623.mp4,73,2.4333,4,normal,p01,4,0.8854,1,1.2,1.1,2.3
clase_4_20260921_193623.mp4,74,2.4667,4,normal,p01,4,0.9569,1,1.1,1.25,2.35
clase_4_20260921_193623.mp4,75,2.5,4,normal,p01,4,0.9957,1,0.93,0.79,1.72
clase_4_20260921_193623.mp4,76,2.5333,4,normal,p01,4,0.9933,1,0.83,0.7,1.53
clase_4_20260921_193623.mp4,77,2.5667,4,normal,p01,4,0.9953,1,0.77,0.74,1.5
clase_4_20260921_193623.mp4,78,2.6,4,normal,p01,4,0.9838,1,1.47,1.7,3.17
clase_4_20260921_193623.mp4,79,2.6333,4,normal,p01,4,0.9917,1,1.18,1.44,2.62
clase_4_20260921_193623.mp4,80,2.6667,4,normal,p01,4,0.9958,1,1.02,0.87,1.89
clase_4_20260921_193623.mp4,81,2.7,4,normal,p01,4,0.9977,1,0.93,0.78,1.71
clase_4_20260921_193623.mp4,82,2.7333,4,normal,p01,4,0.9968,1,0.81,0.71,1.51
clase_4_20260921_193623.mp4,83,2.7667,4,normal,p01,4,0.9981,1,0.82,0.7,1.52
clase_4_20260921_193623.mp4,84,2.8,4,normal,p01,4,0.9991,1,0.88,0.75,1.63
clase_4_20260921_193623.mp4,85,2.8333,4,normal,p01,4,0.9999,1,1.23,1.36,2.59
clase_4_20260921_193623.mp4,86,2.8667,4,normal,p01,4,0.9991,1,0.97,1.26,2.22
clase_4_20260921_193623.mp4,87,2.9,4,normal,p01,4,0.9987,1,0.92,0.88,1.8
clase_4_20260921_193623.mp4,88,2.9333,4,normal,p01,4,0.9991,1,0.89,0.98,1.87
clase_4_20260921_193623.mp4,89,2.9667,4,normal,p01,4,0.999,1,1.1,1.11,2.22
clase_4_20260921_193623.mp4,90,3.0,4,normal,p01,4,0.9985,1,1.0,1.25,2.25
clase_4_20260921_193623.mp4,91,3.0333,4,normal,p01,4,0.9976,1,1.13,1.61,2.74
clase_4_20260921_193623.mp4,92,3.0667,4,normal,p01,4,0.9907,1,1.11,1.17,2.28
clase_4_20260921_193623.mp4,93,3.1,4,normal,p01,4,0.9717,1,1.09,1.09,2.18
clase_4_20260921_193623.mp4,94,3.1333,4,normal,p01,4,0.9715,1,0.85,0.74,1.58
clase_4_20260921_193623.mp4,95,3.1667,4,normal,p01,4,0.9888,1,0.8,0.66,1.46
clase_4_20260921_193623.mp4,96,3.2,4,normal,p01,4,0.9255,1,0.8,0.65,1.45
clase_4_20260921_193623.mp4,97,3.2333,4,normal,p01,4,0.9723,1,0.78,0.63,1.4
clase_4_20260921_193623.mp4,98,3.2667,4,normal,p01,4,0.9628,1,0.77,0.66,1.44
clase_4_20260921_193623.mp4,99,3.3,4,normal,p01,4,0.9804,1,0.89,1.21,2.1
clase_4_20260921_193623.mp4,100,3.3333,4,normal,p01,4,0.9875,1,1.1,1.26,2.36
clase_4_20260921_193623.mp4,101,3.3667,4,normal,p01,4,0.9979,1,0.96,1.14,2.1
clase_4_20260921_193623.mp4,102,3.4,4,normal,p01,4,0.9975,1,0.83,0.89,1.72
clase_4_20260921_193623.mp4,103,3.4333,4,normal,p01,4,0.9987,1,0.91,0.95,1.86
clase_4_20260921_193623.mp4,104,3.4667,4,normal,p01,4,0.9949,1,0.79,0.68,1.48
clase_4_20260921_193623.mp4,105,3.5,4,normal,p01,4,0.9987,1,0.81,0.62,1.42
clase_4_20260921_193623.mp4,106,3.5333,4,normal,p01,4,0.9998,1,0.76,0.62,1.39
clase_4_20260921_193623.mp4,107,3.5667,4,normal,p01,4,1.0,1,1.11,1.44,2.55
clase_4_20260921_193623.mp4,108,3.6,4,normal,p01,4,1.0,1,1.0,1.25,2.25
clase_4_20260921_193623.mp4,109,3.6333,4,normal,p01,4,1.0,1,0.97,1.02,1.99
clase_4_20260921_193623.mp4,110,3.6667,4,normal,p01,4,1.0,1,0.82,0.95,1.77
clase_4_20260921_193623.mp4,111,3.7,4,normal,p01,4,1.0,1,0.74,0.67,1.41
clase_4_20260921_193623.mp4,112,3.7333,4,normal,p01,4,1.0,1,0.72,0.64,1.36
clase_4_20260921_193623.mp4,113,3.7667,4,normal,p01,4,1.0,1,0.73,0.64,1.37
clase_4_20260921_193623.mp4,114,3.8,4,normal,p01,4,1.0,1,0.73,0.64,1.37
clase_4_20260921_193623.mp4,115,3.8333,4,normal,p01,4,1.0,1,0.86,0.81,1.68
clase_4_20260921_193623.mp4,116,3.8667,4,normal,p01,4,1.0,1,0.97,1.29,2.26
clase_4_20260921_193623.mp4,117,3.9,4,normal,p01,4,1.0,1,0.89,1.12,2.01
clase_4_20260921_193623.mp4,118,3.9333,4,normal,p01,4,1.0,1,0.91,0.78,1.69
clase_4_20260921_193623.mp4,119,3.9667,4,normal,p01,4,1.0,1,0.78,0.67,1.44
clase_4_20260921_193623.mp4,120,4.0,4,normal,p01,4,1.0,1,0.74,0.65,1.39
clase_4_20260921_193623.mp4,121,4.0333,4,normal,p01,4,1.0,1,0.7,0.63,1.33
clase_4_20260921_193623.mp4,122,4.0667,4,normal,p01,4,1.0,1,0.74,0.64,1.38
clase_4_20260921_193623.mp4,123,4.1,4,normal,p01,4,1.0,1,0.74,0.85,1.6
clase_4_20260921_193623.mp4,124,4.1333,4,normal,p01,4,1.0,1,2.38,2.29,4.66
clase_4_20260921_193623.mp4,125,4.1667,4,normal,p01,4,1.0,1,1.14,1.2,2.34
clase_4_20260921_193623.mp4,126,4.2,4,normal,p01,4,1.0,1,0.93,0.83,1.76
clase_4_20260921_193623.mp4,127,4.2333,4,normal,p01,4,1.0,1,0.81,0.72,1.53
clase_4_20260921_193623.mp4,128,4.2667,4,normal,p01,4,1.0,1,0.74,0.63,1.37
clase_4_20260921_193623.mp4,129,4.3,4,normal,p01,4,1.0,1,0.73,0.59,1.32
clase_4_20260921_193623.mp4,130,4.3333,4,normal,p01,4,1.0,1,0.75,0.81,1.56
clase_4_20260921_193623.mp4,131,4.3667,4,normal,p01,4,1.0,1,1.18,1.58,2.75
clase_4_20260921_193623.mp4,132,4.4,4,normal,p01,4,1.0,1,1.07,1.2,2.27
clase_4_20260921_193623.mp4,133,4.4333,4,normal,p01,4,1.0,1,0.85,0.77,1.63
clase_4_20260921_193623.mp4,134,4.4667,4,normal,p01,4,1.0,1,0.71,0.64,1.35
clase_4_20260921_193623.mp4,135,4.5,4,normal,p01,4,1.0,1,0.71,0.63,1.34
clase_4_20260921_193623.mp4,136,4.5333,4,normal,p01,4,1.0,1,0.74,0.74,1.47
clase_4_20260921_193623.mp4,137,4.5667,4,normal,p01,4,1.0,1,0.69,0.65,1.34
clase_4_20260921_193623.mp4,138,4.6,4,normal,p01,4,1.0,1,0.79,0.78,1.57
clase_4_20260921_193623.mp4,139,4.6333,4,normal,p01,4,1.0,1,1.05,1.27,2.32
clase_4_20260921_193623.mp4,140,4.6667,4,normal,p01,4,1.0,1,0.95,1.16,2.11
clase_4_20260921_193623.mp4,141,4.7,4,normal,p01,4,1.0,1,0.94,0.89,1.83
clase_4_20260921_193623.mp4,142,4.7333,4,normal,p01,4,1.0,1,0.81,0.72,1.53
clase_4_20260921_193623.mp4,143,4.7667,4,normal,p01,4,1.0,1,0.76,0.67,1.43
clase_4_20260921_193623.mp4,144,4.8,4,normal,p01,4,1.0,1,0.7,0.67,1.37
clase_4_20260921_193623.mp4,145,4.8333,4,normal,p01,4,1.0,1,0.76,0.76,1.53
clase_4_20260921_193623.mp4,146,4.8667,4,normal,p01,4,1.0,1,0.77,0.73,1.5
clase_4_20260921_193623.mp4,147,4.9,4,normal,p01,4,1.0,1,0.97,1.26,2.23
clase_4_20260921_193623.mp4,148,4.9333,4,normal,p01,4,1.0,1,1.18,1.17,2.35
clase_4_20260921_193623.mp4,149,4.9667,4,normal,p01,4,1.0,1,0.88,0.95,1.83
clase_4_20260921_193623.mp4,150,5.0,4,normal,p01,4,1.0,1,0.75,0.68,1.43
clase_4_20260921_193623.mp4,151,5.0333,4,normal,p01,4,1.0,1,0.79,0.97,1.75
clase_4_20260921_193623.mp4,152,5.0667,4,normal,p01,4,1.0,1,0.67,0.68,1.35
clase_4_20260921_193623.mp4,153,5.1,4,normal,p01,4,1.0,1,0.78,0.66,1.45
clase_4_20260921_193623.mp4,154,5.1333,4,normal,p01,4,1.0,1,0.76,0.64,1.4
clase_4_20260921_193623.mp4,155,5.1667,4,normal,p01,4,1.0,1,0.99,1.38,2.37
clase_4_20260921_193623.mp4,156,5.2,4,normal,p01,4,1.0,1,1.21,1.25,2.47
clase_4_20260921_193623.mp4,157,5.2333,4,normal,p01,4,1.0,1,0.91,0.91,1.83
clase_4_20260921_193623.mp4,158,5.2667,4,normal,p01,4,1.0,1,0.77,0.68,1.45
clase_4_20260921_193623.mp4,159,5.3,4,normal,p01,4,1.0,1,0.85,0.68,1.53
clase_4_20260921_193623.mp4,160,5.3333,4,normal,p01,4,1.0,1,0.77,0.62,1.38
clase_4_20260921_193623.mp4,161,5.3667,4,normal,p01,4,1.0,1,0.75,0.64,1.39
clase_4_20260921_193623.mp4,162,5.4,4,normal,p01,4,1.0,1,0.72,0.64,1.36
clase_4_20260921_193623.mp4,163,5.4333,4,normal,p01,4,1.0,1,0.92,1.09,2.01
clase_4_20260921_193623.mp4,164,5.4667,4,normal,p01,4,1.0,1,1.16,1.28,2.44
clase_4_20260921_193623.mp4,165,5.5,4,normal,p01,4,1.0,1,0.98,1.05,2.03
clase_4_20260921_193623.mp4,166,5.5333,4,normal,p01,4,1.0,1,0.8,0.76,1.57
clase_4_20260921_193623.mp4,167,5.5667,4,normal,p01,4,1.0,1,0.87,0.99,1.86
clase_4_20260921_193623.mp4,168,5.6,4,normal,p01,4,0.9999,1,0.79,0.7,1.49
clase_4_20260921_193623.mp4,169,5.6333,4,normal,p01,4,0.9997,1,0.76,0.69,1.45
clase_4_20260921_193623.mp4,170,5.6667,4,normal,p01,4,0.9999,1,0.79,0.77,1.56
clase_4_20260921_193623.mp4,171,5.7,4,normal,p01,4,0.9993,1,1.67,1.51,3.18
clase_4_20260921_193623.mp4,172,5.7333,4,normal,p01,4,0.9964,1,1.0,1.26,2.27
clase_4_20260921_193623.mp4,173,5.7667,4,normal,p01,4,0.9917,1,0.86,0.8,1.66
clase_4_20260921_193623.mp4,174,5.8,4,normal,p01,4,0.9984,1,0.76,0.98,1.73
clase_4_20260921_193623.mp4,175,5.8333,4,normal,p01,4,0.9922,1,1.02,0.87,1.89
clase_4_20260921_193623.mp4,176,5.8667,4,normal,p01,4,0.9974,1,0.83,1.01,1.84
clase_4_20260921_193623.mp4,177,5.9,4,normal,p01,4,0.9976,1,0.93,1.1,2.03
clase_4_20260921_193623.mp4,178,5.9333,4,normal,p01,4,0.9953,1,1.37,2.5,3.87
clase_4_20260921_193623.mp4,179,5.9667,4,normal,p01,4,0.9958,1,1.42,1.19,2.61
clase_4_20260921_193623.mp4,180,6.0,4,normal,p01,4,0.9986,1,0.91,0.73,1.64
clase_4_20260921_193623.mp4,181,6.0333,4,normal,p01,4,0.9998,1,0.78,0.7,1.48
clase_4_20260921_193623.mp4,182,6.0667,4,normal,p01,4,0.9998,1,0.76,0.71,1.47
clase_4_20260921_193623.mp4,183,6.1,4,normal,p01,4,0.9998,1,0.81,0.73,1.54
clase_4_20260921_193623.mp4,184,6.1333,4,normal,p01,4,0.9997,1,0.73,0.85,1.58
clase_4_20260921_193623.mp4,185,6.1667,4,normal,p01,4,0.9995,1,1.02,1.36,2.38
clase_4_20260921_193623.mp4,186,6.2,4,normal,p01,4,0.9994,1,0.98,1.27,2.26
clase_4_20260921_193623.mp4,187,6.2333,4,normal,p01,4,0.9998,1,0.98,0.97,1.96
clase_4_20260921_193623.mp4,188,6.2667,4,normal,p01,4,0.9996,1,0.87,0.8,1.67
clase_4_20260921_193623.mp4,189,6.3,4,normal,p01,4,0.9996,1,0.77,0.7,1.48
clase_4_20260921_193623.mp4,190,6.3333,4,normal,p01,4,0.9994,1,0.79,1.03,1.82
clase_4_20260921_193623.mp4,191,6.3667,4,normal,p01,4,0.9984,1,0.78,0.66,1.44
clase_4_20260921_193623.mp4,192,6.4,4,normal,p01,4,0.9965,1,0.88,1.36,2.24
clase_4_20260921_193623.mp4,193,6.4333,4,normal,p01,4,0.9936,1,1.11,1.11,2.22
clase_4_20260921_193623.mp4,194,6.4667,4,normal,p01,4,0.9991,1,1.02,1.1,2.12
clase_4_20260921_193623.mp4,195,6.5,4,normal,p01,4,0.9975,1,0.84,0.73,1.56
clase_4_20260921_193623.mp4,196,6.5333,4,normal,p01,4,0.9986,1,0.82,0.63,1.45
clase_4_20260921_193623.mp4,197,6.5667,4,normal,p01,4,0.9972,1,0.78,0.66,1.44
clase_4_20260921_193623.mp4,198,6.6,4,normal,p01,4,0.9773,1,0.84,0.62,1.46
clase_4_20260921_193623.mp4,199,6.6333,4,normal,p01,4,0.9866,1,0.78,0.62,1.4
clase_4_20260921_193623.mp4,200,6.6667,4,normal,p01,4,0.9894,1,0.85,0.71,1.56
clase_4_20260921_193623.mp4,201,6.7,4,normal,p01,4,0.9943,1,1.14,1.5,2.64
clase_4_20260921_193623.mp4,202,6.7333,4,normal,p01,4,0.9813,1,1.27,1.32,2.59
clase_4_20260921_193623.mp4,203,6.7667,4,normal,p01,4,0.9898,1,1.0,0.86,1.85
clase_4_20260921_193623.mp4,204,6.8,4,normal,p01,4,0.9967,1,0.87,1.02,1.89
clase_4_20260921_193623.mp4,205,6.8333,4,normal,p01,4,0.9928,1,0.8,0.66,1.46
clase_4_20260921_193623.mp4,206,6.8667,4,normal,p01,4,0.9979,1,0.78,1.21,1.99
clase_4_20260921_193623.mp4,207,6.9,4,normal,p01,4,0.9966,1,0.76,0.66,1.42
clase_4_20260921_193623.mp4,208,6.9333,4,normal,p01,4,0.9982,1,1.1,1.57,2.67
clase_4_20260921_193623.mp4,209,6.9667,4,normal,p01,4,0.9987,1,1.02,1.16,2.18
clase_4_20260921_193623.mp4,210,7.0,4,normal,p01,4,0.9982,1,0.92,0.79,1.7
clase_4_20260921_193623.mp4,211,7.0333,4,normal,p01,4,0.9984,1,0.8,0.7,1.5
clase_4_20260921_193623.mp4,212,7.0667,4,normal,p01,4,0.9986,1,0.79,0.64,1.43
clase_4_20260921_193623.mp4,213,7.1,4,normal,p01,4,0.9984,1,0.76,0.64,1.39
clase_4_20260921_193623.mp4,214,7.1333,4,normal,p01,4,0.9979,1,0.77,0.63,1.4
clase_4_20260921_193623.mp4,215,7.1667,4,normal,p01,4,0.9981,1,0.75,0.65,1.4
clase_4_20260921_193623.mp4,216,7.2,4,normal,p01,4,0.9959,1,1.35,1.44,2.8
clase_4_20260921_193623.mp4,217,7.2333,4,normal,p01,4,0.9964,1,1.01,1.14,2.15
clase_4_20260921_193623.mp4,218,7.2667,4,normal,p01,4,0.9692,1,0.95,0.85,1.8
clase_4_20260921_193623.mp4,219,7.3,4,normal,p01,4,0.9857,1,0.85,0.68,1.53
clase_4_20260921_193623.mp4,220,7.3333,4,normal,p01,4,0.9908,1,0.8,0.66,1.46
clase_4_20260921_193623.mp4,221,7.3667,4,normal,p01,4,0.9932,1,0.8,0.97,1.77
clase_4_20260921_193623.mp4,222,7.4,4,normal,p01,4,0.9931,1,0.81,0.71,1.52
clase_4_20260921_193623.mp4,223,7.4333,4,normal,p01,4,0.9849,1,0.74,0.76,1.5
clase_4_20260921_193623.mp4,224,7.4667,4,normal,p01,4,0.9826,1,1.16,1.34,2.5
clase_4_20260921_193623.mp4,225,7.5,4,normal,p01,4,0.9926,1,1.02,1.15,2.17
clase_4_20260921_193623.mp4,226,7.5333,4,normal,p01,4,0.9967,1,0.9,0.82,1.72
clase_4_20260921_193623.mp4,227,7.5667,4,normal,p01,4,0.9987,1,0.83,0.72,1.55
clase_4_20260921_193623.mp4,228,7.6,4,normal,p01,4,0.9988,1,0.76,0.73,1.49
clase_4_20260921_193623.mp4,229,7.6333,4,normal,p01,4,0.9995,1,0.82,0.72,1.54
clase_4_20260921_193623.mp4,230,7.6667,4,normal,p01,4,0.999,1,0.9,0.77,1.67
clase_4_20260921_193623.mp4,231,7.7,4,normal,p01,4,0.9995,1,0.94,0.9,1.84
clase_4_20260921_193623.mp4,232,7.7333,4,normal,p01,4,0.9992,1,1.37,1.36,2.73
clase_4_20260921_193623.mp4,233,7.7667,4,normal,p01,4,0.9995,1,0.98,1.15,2.13
clase_4_20260921_193623.mp4,234,7.8,4,normal,p01,4,0.9996,1,0.99,0.85,1.84
clase_4_20260921_193623.mp4,235,7.8333,4,normal,p01,4,0.9996,1,0.82,0.71,1.53
clase_4_20260921_193623.mp4,236,7.8667,4,normal,p01,4,0.9999,1,0.78,0.62,1.4
clase_4_20260921_193623.mp4,237,7.9,4,normal,p01,4,0.9999,1,0.79,0.63,1.42
clase_4_20260921_193623.mp4,238,7.9333,4,normal,p01,4,0.9999,1,0.76,0.64,1.4
clase_4_20260921_193623.mp4,239,7.9667,4,normal,p01,4,0.9999,1,0.8,0.87,1.66
clase_4_20260921_193623.mp4,240,8.0,4,normal,p01,4,0.9998,1,1.11,1.28,2.39
clase_4_20260921_193623.mp4,241,8.0333,4,normal,p01,4,0.9996,1,1.04,1.1,2.15
clase_4_20260921_193623.mp4,242,8.0667,4,normal,p01,4,0.9999,1,0.85,0.78,1.63
clase_4_20260921_193623.mp4,243,8.1,4,normal,p01,4,0.9997,1,0.78,0.67,1.45
clase_4_20260921_193623.mp4,244,8.1333,4,normal,p01,4,1.0,1,0.78,0.74,1.52
clase_4_20260921_193623.mp4,245,8.1667,4,normal,p01,4,0.9998,1,0.76,0.64,1.4
clase_4_20260921_193623.mp4,246,8.2,4,normal,p01,4,1.0,1,0.76,0.7,1.46
clase_4_20260921_193623.mp4,247,8.2333,4,normal,p01,4,0.9999,1,0.75,0.69,1.44
clase_4_20260921_193623.mp4,248,8.2667,4,normal,p01,4,1.0,1,1.0,1.39,2.4
clase_4_20260921_193623.mp4,249,8.3,4,normal,p01,4,1.0,1,0.92,1.37,2.29
clase_4_20260921_193623.mp4,250,8.3333,4,normal,p01,4,1.0,1,1.04,0.8,1.85
clase_4_20260921_193623.mp4,251,8.3667,4,normal,p01,4,1.0,1,0.8,1.18,1.97
clase_4_20260921_193623.mp4,252,8.4,4,normal,p01,4,1.0,1,0.74,0.67,1.41
clase_4_20260921_193623.mp4,253,8.4333,4,normal,p01,4,1.0,1,0.74,0.65,1.39
clase_4_20260921_193623.mp4,254,8.4667,4,normal,p01,4,1.0,1,0.74,0.62,1.36
clase_4_20260921_193623.mp4,255,8.5,4,normal,p01,4,1.0,1,0.67,0.69,1.37
clase_4_20260921_193623.mp4,256,8.5333,4,normal,p01,4,0.9999,1,1.03,1.26,2.28
clase_4_20260921_193623.mp4,257,8.5667,4,normal,p01,4,1.0,1,0.95,1.19,2.14
clase_4_20260921_193623.mp4,258,8.6,4,normal,p01,4,1.0,1,0.83,0.97,1.8
clase_4_20260921_193623.mp4,259,8.6333,4,normal,p01,4,1.0,1,0.78,0.75,1.52
clase_4_20260921_193623.mp4,260,8.6667,4,normal,p01,4,1.0,1,0.75,0.66,1.41
clase_4_20260921_193623.mp4,261,8.7,4,normal,p01,4,1.0,1,0.72,0.68,1.4
clase_4_20260921_193623.mp4,262,8.7333,4,normal,p01,4,1.0,1,0.77,0.71,1.47
clase_4_20260921_193623.mp4,263,8.7667,4,normal,p01,4,1.0,1,0.77,0.74,1.51
clase_4_20260921_193623.mp4,264,8.8,4,normal,p01,4,1.0,1,0.98,1.39,2.36
clase_4_20260921_193623.mp4,265,8.8333,4,normal,p01,4,1.0,1,1.01,1.16,2.17
clase_4_20260921_193623.mp4,266,8.8667,4,normal,p01,4,1.0,1,0.91,0.95,1.85
clase_4_20260921_193623.mp4,267,8.9,4,normal,p01,4,1.0,1,0.79,0.75,1.54
clase_4_20260921_193623.mp4,268,8.9333,4,normal,p01,4,1.0,1,0.76,0.91,1.68
clase_4_20260921_193623.mp4,269,8.9667,4,normal,p01,4,1.0,1,0.73,0.67,1.4
clase_4_20260921_193623.mp4,270,9.0,4,normal,p01,4,1.0,1,0.75,0.63,1.38
clase_4_20260921_193623.mp4,271,9.0333,4,normal,p01,4,1.0,1,0.7,0.62,1.32
clase_4_20260921_193623.mp4,272,9.0667,4,normal,p01,4,1.0,1,0.96,1.3,2.26
clase_4_20260921_193623.mp4,273,9.1,4,normal,p01,4,1.0,1,1.05,1.17,2.22
clase_4_20260921_193623.mp4,274,9.1333,4,normal,p01,4,1.0,1,0.99,1.1,2.09
clase_4_20260921_193623.mp4,275,9.1667,4,normal,p01,4,1.0,1,0.82,0.71,1.53
clase_4_20260921_193623.mp4,276,9.2,4,normal,p01,4,1.0,1,0.75,0.67,1.43
clase_4_20260921_193623.mp4,277,9.2333,4,normal,p01,4,1.0,1,0.74,0.64,1.37
clase_4_20260921_193623.mp4,278,9.2667,4,normal,p01,4,1.0,1,0.8,0.65,1.45
clase_4_20260921_193623.mp4,279,9.3,4,normal,p01,4,1.0,1,0.78,0.65,1.43
clase_4_20260921_193623.mp4,280,9.3333,4,normal,p01,4,1.0,1,0.88,1.37,2.25
clase_4_20260921_193623.mp4,281,9.3667,4,normal,p01,4,1.0,1,0.97,1.41,2.39
clase_4_20260921_193623.mp4,282,9.4,4,normal,p01,4,1.0,1,0.95,1.28,2.23
clase_4_20260921_193623.mp4,283,9.4333,4,normal,p01,4,1.0,1,0.93,0.83,1.76
clase_4_20260921_193623.mp4,284,9.4667,4,normal,p01,4,1.0,1,0.82,0.67,1.49
clase_4_20260921_193623.mp4,285,9.5,4,normal,p01,4,1.0,1,0.78,0.73,1.51
clase_4_20260921_193623.mp4,286,9.5333,4,normal,p01,4,1.0,1,0.75,0.65,1.4
clase_4_20260921_193623.mp4,287,9.5667,4,normal,p01,4,1.0,1,0.77,0.71,1.48
clase_4_20260921_193623.mp4,288,9.6,4,normal,p01,4,1.0,1,1.08,1.49,2.57
clase_4_20260921_193623.mp4,289,9.6333,4,normal,p01,4,1.0,1,1.12,1.39,2.51
clase_4_20260921_193623.mp4,290,9.6667,4,normal,p01,4,1.0,1,1.0,0.94,1.94
clase_4_20260921_193623.mp4,291,9.7,4,normal,p01,4,0.9998,1,0.79,0.72,1.51
clase_4_20260921_193623.mp4,292,9.7333,4,normal,p01,4,1.0,1,0.76,0.65,1.41
clase_4_20260921_193623.mp4,293,9.7667,4,normal,p01,4,1.0,1,0.74,0.64,1.38
clase_4_20260921_193623.mp4,294,9.8,4,normal,p01,4,0.9995,1,0.76,0.65,1.41
clase_4_20260921_193623.mp4,295,9.8333,4,normal,p01,4,0.9906,1,0.74,0.61,1.36
clase_4_20260921_193623.mp4,296,9.8667,4,normal,p01,4,0.9935,1,1.07,1.23,2.3
clase_4_20260921_193623.mp4,297,9.9,4,normal,p01,4,0.9731,1,1.11,1.42,2.52
clase_4_20260921_193623.mp4,298,9.9333,4,normal,p01,4,0.9892,1,1.01,0.97,1.97
clase_4_20260921_193623.mp4,299,9.9667,4,normal,p01,4,0.9957,1,0.82,0.73,1.55
